,PM2.5_pred,PM2.5_real,PM10_pred,PM10_real,NO2_pred,NO2_real,CO_pred,CO_real,SO2_pred,SO2_real,O3_8h_pred,O3_8h_real
0,261.2528,251.99999999999997,292.31915,284.0,100.777084,104.00000000000001,3.502756,3.6,19.994274,18.0,9.198818,17.0
1,11.456238,16.0,30.800251,26.0,13.030056,12.0,0.6130036,0.6,2.9681032,3.0,69.43196,71.0
2,19.6846,22.0,41.357483,40.0,17.185987,18.0,0.5605949,0.6,4.137364,2.0,156.47354,159.0
3,14.092269,14.0,23.964481,18.0,17.449255,17.0,0.575938,0.5,0.7024485,3.0,62.82626,55.0
4,37.606373,43.0,55.283676,47.0,31.01515,28.0,0.58845794,0.6,0.41110152,2.0,62.692066,59.0
5,89.2914,109.0,86.566795,76.0,37.55934,30.0,1.2902172,1.4,4.174093,7.0,68.04951,66.0
6,1.9083015,10.0,34.090923,26.0,15.2225485,16.0,0.41880992,0.4,4.3355846,2.0,105.56487,111.0
7,58.994755,60.0,95.143295,88.00000000000001,35.943863,38.99999999999999,0.7984798,0.7,6.745622,7.0,161.16988,157.0
8,114.73648,141.0,104.23632,77.0,51.41894,46.0,1.6618279,1.7,13.051895,16.0,126.65297,130.0
9,134.22324,188.0,255.09013,263.0,54.852364,37.0,1.5681218,1.0,45.03038,53.0,89.56605,74.0
10,7.5140996,5.0,26.62237,17.0,17.606577,19.0,0.34965304,0.2,0.3951679,2.0,76.86732,80.0
11,14.832348,14.0,23.07964,23.0,23.408024,20.0,0.47524598,0.4,-0.31906173,2.0,63.56955,59.0
12,181.01227,175.0,174.01242,168.0,80.9524,86.0,2.741672,2.9,9.884552,6.0,-0.63607085,11.0
13,119.45235,120.0,136.90388,139.0,36.086075,30.0,1.1998475,1.3,-0.6756746,2.0,221.73497,217.0
14,100.952156,117.0,104.0059,109.0,58.41985,56.0,1.223043,0.9,1.5430005,3.0,80.18905,77.0
15,73.01862,76.0,81.88872,77.0,47.983242,48.99999999999999,1.0385774,0.9,2.4274373,3.0,110.83305,110.0
16,80.9848,82.0,104.08554,102.0,32.441673,33.0,0.9504287,0.8,0.92050105,3.0,172.85942,168.00000000000003
17,42.055103,34.0,65.47517,65.0,39.965057,48.99999999999999,0.94655323,0.8,10.518041,9.0,36.74506,39.0
18,123.57722,124.00000000000001,182.44957,179.0,75.13186,80.0,1.5050344,1.2,19.985788,21.0,117.95675,116.0
19,51.64463,47.0,89.06195,97.99999999999999,50.609066,52.00000000000001,1.2854754,1.3,28.103529,29.0,56.3105,56.0
20,14.434491,22.0,27.652666,20.0,25.657911,31.0,0.5818981,0.4,3.9108238,2.0,53.017597,59.0
21,7.942305,9.0,19.181465,14.0,11.870412,12.0,0.40462062,0.3,4.413948,5.0,59.410065,68.0
22,17.17194,22.0,29.684706,23.0,26.556305,22.0,0.46034458,0.5,0.38122407,2.0,73.61922,69.0
23,8.961449,8.0,7.0215173,14.0,16.124685,6.0,0.2396374,0.2,-1.2472321,2.0,72.483635,69.0
24,263.3966,242.00000000000003,291.196,271.0,113.61471,119.0,3.2545068,3.4,7.2952127,6.0,-4.8983583,12.000000000000002
25,40.524754,57.0,50.01118,38.0,21.82764,19.0,0.85362124,0.8,2.780822,3.0,88.74178,92.0
26,83.131165,93.0,65.64223,64.0,52.904636,58.99999999999999,1.4055015,1.0,2.964563,2.0,15.338237,5.0
27,41.69973,39.0,92.96516,100.00000000000001,24.805006,23.0,0.44520876,0.6,3.3085387,3.0,168.28763,172.0
28,30.161861,26.0,32.837997,37.0,28.648354,24.0,0.49410668,0.5,0.93863547,3.0,68.233246,67.0
29,108.78324,103.0,161.95027,158.0,61.042698,67.0,1.2049994,1.0,17.65931,19.0,203.54623,200.0
30,84.58758,75.0,111.97214,113.0,68.240135,79.0,1.5937498,1.5,18.23893,14.0,16.561127,17.0
31,52.427197,52.0,64.71817,87.0,47.62394,43.0,0.8469063,0.8,2.514991,3.0,35.652344,30.0
32,131.54915,124.00000000000001,144.54337,151.0,91.823715,92.0,2.8467083,3.0,50.7191,49.0,10.328503,11.0
33,53.499237,47.0,78.28025,75.0,36.055,41.0,0.8241677,0.8,4.4946675,5.0,67.59867,66.0
34,47.74668,45.0,71.48657,72.0,33.542286,34.0,0.5616232,0.6,2.5733805,2.0,212.49393,213.00000000000003
35,18.306414,22.0,79.814255,92.0,14.560809,9.0,0.23438123,0.3,2.1272027,3.0,99.0258,97.0
36,63.711468,59.0,107.94607,114.0,37.976162,38.0,0.65798724,0.8,4.4535985,3.0,195.41203,196.0
37,74.52797,67.0,158.44646,173.0,52.1751,55.0,0.8388791,0.7,14.984796,16.0,103.43546,100.0
38,117.1146,116.0,178.50081,180.0,62.31381,64.0,1.1317222,1.0,1.6986251,3.0,50.521046,48.00000000000001
39,443.52563,376.0,413.5517,415.0,137.73615,135.0,6.1957436,8.0,15.81358,8.0,-22.842495,6.000000000000001
40,66.78661,67.0,92.78303,88.00000000000001,48.084206,50.0,0.89591205,0.8,4.390636,5.0,89.99372,91.0
41,80.38225,103.0,82.17377,60.99999999999999,34.00292,30.0,1.0408397,1.0,-0.44916403,2.0,85.478035,88.99999999999999
42,175.96664,178.0,180.72229,177.0,95.794014,95.0,3.1531696,3.3,41.883507,39.0,22.8717,30.0
43,89.260124,91.0,132.21564,144.0,50.13526,47.0,0.95333946,0.9,2.7966006,4.0,96.72045,95.0
44,23.157051,20.0,53.241722,47.0,38.227844,40.0,0.4651138,0.4,2.9179437,3.0,35.91755,38.0
45,43.802574,29.0,70.56083,65.0,40.921825,45.0,0.7098073,0.7,4.8195157,6.0,34.28868,28.0
46,26.868288,25.0,68.46822,64.0,41.199944,43.0,0.5644766,0.6,11.484045,11.0,93.963295,92.0
47,91.56174,102.0,121.25506,126.0,78.53749,70.0,2.3926184,2.5,58.099648,59.0,16.897762,10.0
48,49.131958,39.0,83.38126,81.0,54.529366,61.0,0.82166314,0.7,4.797318,4.0,21.193373,18.0
49,78.67931,70.0,116.68085,124.0,33.76476,31.0,0.8120216,0.9,9.608023,11.0,265.4265,262.0
50,41.643105,30.0,90.93234,94.0,42.89311,53.0,0.6762285,0.6,7.9559393,5.0,91.16165,97.0
51,32.80222,26.0,109.94179,132.0,28.711664,24.0,0.20832488,0.3,0.60497445,2.0,68.31523,64.0
52,23.267406,18.0,27.900568,42.99999999999999,28.435509,27.0,0.53024817,0.4,1.7597587,2.0,69.27653,63.0
53,32.290386,27.0,54.35232,53.0,39.6897,43.0,0.84411967,0.9,11.80557,10.0,57.087452,59.0
54,31.625454,28.0,65.36672,75.0,31.89214,29.0,0.45932034,0.5,1.5123526,2.0,52.779045,51.0
55,19.286057,15.0,20.738054,26.0,26.664207,22.0,0.41384915,0.4,1.0400827,2.0,73.89295,71.0
56,80.562035,73.0,111.57801,118.0,32.291946,34.0,0.93718445,0.9,1.8081468,3.0,196.89989,194.0
57,10.974,14.0,33.73802,31.0,18.717434,20.0,0.49442747,0.4,3.2237523,2.0,109.36532,112.0
58,39.245808,45.0,59.67754,60.0,51.083004,50.0,1.2682626,1.2,29.077612,30.0,37.076935,35.0
59,26.221537,21.0,37.892406,56.0,41.21966,38.99999999999999,0.5088798,0.5,2.3276472,2.0,58.572662,53.0
60,6.3555374,10.0,32.661232,28.0,20.592806,21.000000000000004,0.3521506,0.3,3.5370872,3.0,120.375755,124.0
61,17.986702,14.0,28.18449,33.0,22.369308,24.0,0.6053786,0.5,1.7272476,2.0,71.297424,70.0
62,42.515045,36.0,70.29609,66.0,44.490154,45.0,0.5402101,0.5,1.1193494,3.0,45.62199,40.0
63,38.81851,38.0,86.92201,90.0,26.350517,26.000000000000004,0.7369884,0.8,8.628829,7.0,119.54566,123.0
64,75.5782,83.0,99.87529,97.99999999999999,62.08681,63.0,1.6319227,1.6,30.347237,30.0,49.345463,50.0
65,-7.113647,0.0,9.7257595,0.0,11.800163,10.0,0.3082719,0.2,2.1404405,2.0,78.33131,80.0
66,18.68703,20.0,62.50264,72.0,19.558495,16.0,0.32014838,0.4,2.2363093,3.0,85.374176,87.0
67,59.88854,45.0,92.96687,95.0,58.24992,68.0,1.0023992,0.9,6.4789557,4.0,35.0079,37.0
68,111.827835,101.0,131.07552,135.0,70.08085,74.0,1.5605592,1.5,3.3807073,3.0,6.3772345,8.0
69,16.989481,16.0,25.755184,29.0,26.061707,26.000000000000004,0.47654304,0.4,2.1180997,2.0,93.52821,97.0
70,7.8162246,11.0,25.462402,21.0,20.13219,18.0,0.451063,0.4,1.8734547,2.0,76.952614,82.0
71,79.765495,79.0,101.64775,100.00000000000001,42.597256,42.00000000000001,0.9126065,0.9,2.8901756,4.0,173.59723,172.0
72,109.24624,129.0,150.63799,148.0,57.77619,53.0,1.4802155,1.4,19.4418,22.0,76.55186,79.0
73,66.62283,62.00000000000001,92.18699,88.00000000000001,52.684975,57.0,0.9888263,0.9,5.12164,5.0,64.92517,65.0
74,-2.1286929,5.0,24.96432,15.0,13.889013,17.0,0.35026452,0.2,4.044937,2.0,123.67623,126.99999999999999
75,15.982226,19.0,30.999004,23.0,31.55179,32.0,0.7043059,0.6,14.702058,16.0,61.353947,62.0
76,2.761594,6.0,32.169323,28.0,15.391944,14.0,0.2565786,0.2,2.1501756,3.0,84.48647,88.99999999999999
77,6.738983,12.0,29.19791,30.0,29.537416,26.000000000000004,0.33722463,0.4,3.6121442,3.0,59.32681,61.00000000000001
78,149.07893,159.0,189.54192,168.0,58.386845,58.0,1.4117752,1.4,8.593394,10.0,237.1909,232.0
79,16.924139,19.0,28.801613,26.0,13.865334,12.0,0.5771496,0.6,2.2847939,3.0,104.74287,107.0
80,22.405458,26.0,37.34097,39.0,28.846298,28.0,0.48115072,0.4,2.943925,3.0,91.332306,95.0
81,40.48852,43.0,53.87978,50.00000000000001,24.46045,25.0,0.87425184,1.0,3.5987546,2.0,112.35358,114.0
82,59.409946,78.0,104.1646,111.0,37.95307,31.0,0.9811065,0.8,20.224281,24.0,78.960556,77.0
83,90.140656,80.0,90.92475,97.99999999999999,44.82611,45.0,1.2308269,1.3,0.42430365,2.0,22.65992,14.0
84,94.82128,90.0,113.54255,112.0,68.093315,73.0,1.4494692,1.4,9.021295,8.0,18.811995,24.000000000000004
85,286.60544,266.0,299.9887,299.0,118.27303,124.0,4.326181,4.6,38.64001,35.0,3.572187,16.0
86,83.41252,81.0,128.35455,134.0,46.688297,46.0,0.94428384,0.9,10.3977785,12.0,178.65459,175.00000000000003
87,14.8748455,12.0,69.302345,87.0,17.232658,15.0,0.2492247,0.2,1.0126686,2.0,81.35036,80.0
88,-1.6593063,5.0,21.07829,14.0,17.104862,14.0,0.26542288,0.2,2.4621222,3.0,80.8332,80.0
89,15.70736,20.0,41.199974,35.0,37.794174,35.0,0.6327734,0.8,15.564531,16.0,65.429054,66.0
90,49.844414,35.0,68.93205,69.0,39.287422,48.99999999999999,0.80943966,0.6,4.7190166,4.0,164.46361,166.0
91,27.712833,21.0,52.062088,52.0,24.55592,26.000000000000004,0.588084,0.7,6.397653,6.0,183.55815,184.99999999999997
92,72.54745,74.0,79.93392,82.0,36.306072,35.0,1.0288042,1.0,2.687301,4.0,159.6523,158.0
93,43.588825,43.0,72.638374,76.0,33.77955,36.0,0.60084903,0.5,4.253883,4.0,156.93681,160.0
94,88.602776,81.0,120.3237,120.0,52.64915,62.0,1.1604835,0.9,4.057085,4.0,31.850403,25.0
95,92.30589,104.0,131.20769,117.00000000000001,57.410404,60.0,1.1769961,0.9,14.986918,17.0,128.16261,125.0
96,52.627323,46.0,71.03959,71.0,51.516357,58.0,0.93955183,0.7,2.8552399,2.0,19.243494,19.0
97,10.182006,8.0,53.912308,63.0,17.940908,14.0,0.26939616,0.3,5.9845495,6.0,56.638138,58.0
98,197.67316,221.0,254.01355,263.0,126.185234,124.99999999999999,4.4281836,4.0,118.45239,118.0,15.713233,8.0
99,98.497795,84.0,158.87898,171.00000000000003,55.41972,53.0,1.3158234,1.6,34.504967,37.0,305.65326,294.0
100,4.9227576,11.0,26.239563,18.0,24.838118,21.000000000000004,0.39784935,0.3,9.805982,11.0,62.345444,61.00000000000001
101,54.368122,41.0,62.76918,60.99999999999999,27.794836,31.0,0.718591,0.7,2.070803,2.0,221.17264,226.0
102,19.717205,12.0,44.214752,40.0,36.42261,41.0,0.5008187,0.4,3.873079,3.0,73.242165,72.0
103,2.6384184,9.0,30.458826,22.000000000000004,16.173895,13.000000000000002,0.27683198,0.3,2.1749964,2.0,97.32114,98.0
104,141.74706,150.0,187.5867,182.0,52.042458,44.0,1.3030955,1.3,5.4503646,10.0,174.98154,168.00000000000003
105,111.81204,104.0,146.27756,144.0,47.818497,50.0,1.2072914,1.2,10.632411,12.0,247.1948,242.0
106,12.940068,15.0,6.8224726,19.0,26.487816,18.0,0.68239653,0.9,2.5134768,2.0,64.394394,61.00000000000001
107,67.31511,61.0,95.23819,92.0,38.50445,40.0,0.9044981,1.0,3.4194546,4.0,125.80212,125.0
108,12.086104,11.0,35.728065,31.0,26.30823,27.0,0.43025503,0.3,1.953938,2.0,47.584183,51.0
109,2.3926866,6.0,22.363216,17.0,15.415172,16.0,0.43275782,0.3,3.2453682,3.0,98.156265,99.0
110,60.792786,53.0,87.35727,89.0,40.816956,45.0,0.88301075,0.8,8.821805,9.0,186.7919,184.99999999999997
111,104.571884,90.0,141.5964,158.0,75.04455,77.99999999999999,1.5592276,1.6,10.801531,9.0,1.7997756,6.000000000000001
112,262.11542,243.0,325.37033,313.0,110.62037,119.0,2.92108,2.5,10.4144335,12.0,49.2923,58.0
113,120.69989,125.99999999999999,155.26482,149.0,41.016438,41.0,1.151039,1.0,1.1322097,3.0,207.76808,203.0
114,71.96526,61.0,89.28546,92.0,32.234512,33.0,0.89686847,1.0,2.728461,3.0,221.61159,221.0
115,67.134834,49.0,84.70582,80.0,51.80824,64.0,1.0375322,0.8,3.3340774,3.0,9.494535,0.0
116,22.062742,19.0,33.499542,52.0,41.554863,38.99999999999999,0.592777,0.5,3.9231844,3.0,52.563965,46.0
117,8.249048,10.0,14.904378,11.000000000000002,20.687016,19.0,0.5159267,0.5,1.6549985,3.0,66.74445,65.0
118,50.399277,29.0,80.074,90.0,43.099197,51.0,0.76928663,0.7,6.890228,5.0,209.20912,213.00000000000003
119,27.50287,20.0,34.1877,34.0,19.876677,19.0,0.60657525,0.6,0.003990464,2.0,124.264885,122.00000000000001
120,90.019646,94.0,134.09355,133.0,42.104107,42.00000000000001,0.88749826,0.9,4.614431,5.0,186.07831,188.0
121,74.537254,77.0,87.15672,75.0,35.890694,38.99999999999999,0.94941986,0.9,2.778218,3.0,185.39217,187.0
122,32.23054,40.0,59.64183,62.0,36.568382,36.0,0.62186897,0.6,7.735981,7.0,53.337456,60.0
123,61.648174,49.0,90.018906,87.0,42.776363,48.99999999999999,1.0183572,1.1,15.167403,15.0,196.47183,197.0
124,118.46554,111.0,111.91352,118.0,60.28343,62.0,1.8569455,2.0,6.745633,5.0,43.933258,52.0
125,5.684766,16.0,37.503277,37.0,15.285443,11.0,0.28600585,0.3,2.5735495,3.0,86.112976,86.0
126,61.078236,65.0,104.29354,113.0,46.660736,44.0,1.0004076,1.0,15.445705,17.0,76.01341,76.0
127,9.987025,6.0,16.41529,16.0,17.33968,15.0,0.4510331,0.4,0.068038054,2.0,82.74548,78.0
128,61.06371,71.0,76.40173,63.0,30.007698,29.0,0.7245569,0.7,2.8102562,4.0,179.58551,184.0
129,49.119484,50.0,60.97038,74.0,33.584614,29.0,0.70171165,0.7,2.005527,3.0,80.63824,77.0
130,12.123042,12.0,3.6656783,20.0,28.194452,20.0,0.602088,0.6,1.936767,3.0,53.55725,47.0
131,92.539894,103.0,117.418526,106.0,61.800804,66.0,1.3559153,1.2,12.817602,12.0,67.262535,73.0
132,3.2217858,5.0,23.40988,17.0,16.450804,15.0,0.43234822,0.4,3.0532424,3.0,77.372536,78.0
133,184.40932,159.0,245.87798,275.0,80.54902,80.0,2.469291,2.7,19.345453,18.0,34.31981,40.0
134,5.027193,10.0,22.316055,17.0,13.311499,13.000000000000002,0.49026516,0.4,3.3884432,3.0,93.1202,96.00000000000001
135,71.87501,66.0,108.957504,113.0,57.0653,62.0,1.0937624,1.0,10.929574,10.0,83.99281,86.0
136,71.27712,58.0,77.93839,85.0,59.256138,64.0,1.65293,1.8,20.27527,18.0,30.35899,35.0
137,121.189804,114.0,139.11206,147.0,78.53329,75.0,2.4848924,2.8,40.64428,40.0,13.8557825,14.0
138,12.919919,13.0,31.245354,25.000000000000004,28.185059,28.0,0.35211268,0.3,0.6910345,2.0,69.349594,65.0
139,100.44652,110.0,102.991646,92.0,57.67493,56.0,1.4120235,1.3,1.6548455,3.0,34.29655,36.0
140,34.266216,46.0,60.806847,57.0,33.79287,31.0,0.80952346,0.7,15.972009,18.0,80.793236,80.0
141,170.11458,200.0,220.5684,206.0,45.128036,31.0,1.5448674,1.6,2.7953641,9.0,118.34042,111.0
142,21.037556,17.0,38.446884,34.0,32.0219,30.0,0.37335333,0.4,1.2723491,4.0,50.38565,47.0
143,24.855614,30.0,53.51452,45.0,42.61718,38.99999999999999,0.60573363,0.8,13.128876,13.0,78.65648,78.0
144,30.549105,39.0,61.17407,54.0,24.114792,21.000000000000004,0.36722586,0.4,1.5781953,2.0,150.20619,152.0
145,10.647247,8.0,36.66038,36.0,9.639907,6.0,0.21317548,0.2,-1.2964083,2.0,55.789154,62.0
146,22.862885,34.0,54.361576,47.0,22.217604,18.0,0.39206,0.5,2.1168215,3.0,95.9871,97.0
147,41.52686,30.0,67.329025,65.0,37.13191,48.0,0.748809,0.6,5.1480174,3.0,166.90414,169.0
148,92.26184,100.0,99.67355,85.0,54.65864,61.0,1.4547279,1.3,7.7902985,6.0,56.67993,60.0
149,49.294807,49.0,40.839897,32.0,44.275707,50.0,1.2589407,1.2,10.466927,9.0,39.267746,43.0
150,34.572235,38.0,47.189888,41.0,25.30314,26.000000000000004,0.67632806,0.6,0.8953493,2.0,80.38141,80.0
151,116.85332,124.00000000000001,120.885445,103.0,62.959072,62.0,1.6528853,1.6,6.5282574,9.0,49.07287,50.0
152,21.693134,22.0,35.818943,37.0,13.616767,13.000000000000002,0.57387066,0.7,3.1049178,2.0,173.17838,179.0
153,43.227367,55.0,59.60176,53.0,18.575891,18.0,0.74526274,0.8,3.4281645,2.0,181.28595,183.0
154,2.0507944,9.0,30.623468,24.0,23.439901,19.0,0.24653992,0.2,1.9573379,3.0,58.703487,58.0
155,18.514633,27.0,32.068027,37.0,34.6849,28.0,0.6128025,0.7,9.061144,10.0,49.391243,51.0
156,131.67375,128.0,171.17557,183.0,60.775166,64.0,1.7289562,1.7,7.918484,6.0,51.117657,58.0
157,42.20314,44.0,67.447014,76.0,24.114498,19.0,0.54375947,0.8,4.303372,3.0,221.90215,222.0
158,16.089952,24.0,36.07077,28.0,40.894085,38.0,0.8196418,0.7,23.802845,26.0,58.10476,55.0
159,24.127144,17.0,31.370495,25.000000000000004,29.216856,31.0,0.52007735,0.4,2.469863,4.0,53.077442,53.0
160,78.01089,57.0,128.73856,133.0,52.42511,66.0,0.9373903,0.8,6.7062454,4.0,152.8467,158.0
161,36.767174,29.0,58.44484,54.0,26.420057,29.0,0.67554295,0.6,2.4220495,4.0,98.578575,94.0
162,11.236322,16.0,39.26442,37.0,26.625402,26.000000000000004,0.42247817,0.5,5.446314,4.0,82.587616,85.0
163,41.30826,36.0,71.336754,64.0,32.88186,36.0,0.6371492,0.6,3.3661003,5.0,56.920464,57.0
164,101.29818,112.0,121.19141,120.0,44.188908,42.00000000000001,1.4652826,1.6,9.104484,9.0,56.368233,63.0
165,49.033722,37.0,77.97733,77.0,48.04734,51.0,0.6649411,0.7,1.9594578,3.0,19.783945,13.0
166,37.600685,35.0,58.297478,59.0,24.31453,26.000000000000004,0.6104976,0.6,4.9626226,3.0,213.04707,217.0
167,119.81907,115.0,169.38365,164.0,54.112778,56.0,1.2071695,1.2,14.452472,16.0,249.86798,243.0
168,114.37859,148.0,97.17932,57.0,36.998554,34.0,1.3846102,1.2,4.5140166,8.0,225.11339,219.0
169,65.31845,51.0,83.84049,80.0,45.89115,58.0,1.0031655,0.8,4.580862,3.0,167.9029,169.0
170,29.172857,35.0,29.93516,19.0,30.136818,26.000000000000004,0.5847987,0.7,3.3448074,4.0,86.054245,88.0
171,127.324425,118.0,175.22305,176.00000000000003,79.62339,85.0,1.7094609,1.5,12.550712,13.0,22.366076,24.000000000000004
172,26.46165,23.0,71.31078,64.0,36.470165,40.0,0.38965824,0.4,4.947272,3.0,115.987236,114.99999999999999
173,21.522507,21.0,40.86112,34.0,21.84568,23.0,0.42234,0.3,0.27717373,2.0,78.85942,77.0
174,9.142948,17.0,67.296196,57.0,21.90361,20.0,0.14199826,0.2,2.9887908,2.0,91.56534,94.0
175,88.77039,91.0,150.89139,158.0,39.37593,35.0,0.8657901,1.0,2.0402932,4.0,83.020935,80.0
176,104.23504,117.0,137.17532,125.0,60.799072,58.0,1.3318447,1.4,13.317652,14.0,98.77452,101.0
177,36.237804,33.0,54.22703,56.0,47.792442,48.0,0.7822001,0.8,8.92659,9.0,55.284447,57.0
178,112.53163,107.0,165.95686,168.0,56.09414,53.0,1.3187634,1.5,22.581013,25.0,242.80502,234.0
179,25.498594,18.0,41.639095,39.0,37.678795,42.00000000000001,0.6258012,0.5,3.0397687,3.0,69.93619,68.0
180,57.619606,61.0,100.19823,101.0,34.1657,35.0,0.63434803,0.5,8.095842,9.0,197.67993,197.0
181,60.67131,68.0,97.477036,87.0,39.08616,37.0,0.68891144,0.7,4.6971993,7.0,104.126045,103.00000000000001
182,10.804128,13.0,37.45113,31.0,34.543285,34.0,0.3592895,0.3,4.379032,4.0,58.492268,53.99999999999999
183,26.654652,34.0,55.023495,50.00000000000001,23.829472,26.000000000000004,0.74359787,0.7,4.994788,4.0,49.98676,53.99999999999999
184,32.31658,40.0,49.894775,48.0,45.28071,41.0,1.151897,1.2,27.3012,29.0,48.38494,46.0
185,7.204368,9.0,27.99834,16.0,10.859462,8.0,0.29453075,0.3,-0.42025423,2.0,59.90789,71.0
186,30.319826,29.0,64.926506,66.0,36.974976,35.0,0.51584375,0.6,2.847155,3.0,73.99362,72.0
187,44.717037,37.0,67.96498,70.0,40.039486,41.0,0.6542487,0.7,3.038501,3.0,126.78991,128.0
188,13.106031,28.0,27.408613,0.0,26.592888,27.0,0.41991684,0.3,2.22991,3.0,70.89849,76.0
189,10.413751,8.0,28.617325,28.0,29.094831,31.0,0.44519916,0.4,2.85333,2.0,59.13947,62.0
190,27.03449,19.0,112.25765,132.0,23.401089,17.0,0.07376714,0.2,1.0119269,2.0,99.072464,101.0
191,6.5376353,11.0,26.119339,27.0,18.216248,12.0,0.36450282,0.4,-0.2231692,2.0,52.99535,47.0
192,34.94095,37.0,44.647736,42.99999999999999,41.028713,38.99999999999999,0.74136746,0.8,3.3864226,3.0,49.225826,50.0
193,0.23289327,6.0,13.389424,9.0,24.847418,22.0,0.3146433,0.2,2.5804057,3.0,58.93936,55.0
194,23.893566,29.0,30.221092,28.0,23.406904,19.0,0.52014446,0.5,-0.1019669,2.0,80.11872,78.0
195,7.626057,7.0,37.391247,35.0,15.298166,13.000000000000002,0.26755202,0.3,3.5024762,3.0,58.871223,63.0
196,32.358208,22.0,55.134438,54.0,29.94661,36.0,0.6696744,0.6,3.6623511,3.0,135.27318,135.0
197,54.81147,61.0,87.601814,79.0,57.755497,60.0,1.1603779,1.2,21.564758,21.0,58.730465,60.0
198,12.130397,21.0,35.218884,29.0,12.57477,11.0,0.62237954,0.7,4.6112375,3.0,91.395004,95.0
199,20.077854,27.0,40.113617,41.0,17.062563,17.0,0.5913323,0.5,4.2594786,3.0,157.63673,160.0
200,83.216,104.0,89.715996,70.0,40.22045,37.0,1.0644569,0.9,-0.91766006,2.0,53.63333,50.0
201,82.74503,70.0,176.9401,195.0,59.880512,66.0,0.9579809,0.8,16.315979,16.0,79.72618,77.0
202,147.83488,136.0,173.90501,178.0,94.75923,94.0,2.3442032,2.5,27.358221,28.0,10.456148,15.0
203,91.70126,91.0,141.03413,142.0,56.96657,61.0,1.1916431,1.0,15.174909,16.0,130.07007,130.0
204,135.07077,152.0,151.84775,132.0,53.527336,50.0,1.4642291,1.4,-1.5992892,2.0,40.46164,38.0
205,82.58635,84.0,107.26373,108.0,72.368576,74.0,2.0488522,2.0,43.76943,44.0,25.01876,23.0
206,92.10131,89.0,134.61742,136.0,47.65299,48.99999999999999,1.1662532,1.0,14.168892,17.0,167.23047,160.0
207,26.592798,26.0,50.409176,36.0,25.843323,26.000000000000004,0.46996763,0.5,2.0153193,4.0,60.90742,63.0
208,29.001486,28.0,33.278027,54.99999999999999,31.476652,23.0,0.67355764,0.8,1.4461092,2.0,62.93671,58.0
209,71.39572,40.0,227.53067,292.0,31.966503,25.0,0.116965234,0.3,1.6486403,3.0,92.36347,84.00000000000001
210,73.981125,77.0,114.83622,116.0,51.392685,52.00000000000001,0.84908295,0.7,2.014215,3.0,47.813896,43.0
211,28.168194,22.0,44.667004,52.0,27.189714,27.0,0.6078353,0.6,2.0471473,4.0,50.218975,53.0
212,22.805588,24.0,43.86244,44.00000000000001,21.448198,25.0,0.5882969,0.5,4.6496525,2.0,169.29216,173.0
213,75.32177,81.0,115.01625,112.0,42.399693,43.0,0.9623238,1.0,4.5221667,4.0,87.84236,90.0
214,12.786546,14.0,32.79815,25.000000000000004,24.500473,25.0,0.42298874,0.4,5.2015724,4.0,67.04895,71.0
215,19.326982,21.0,44.852673,48.99999999999999,35.3749,35.0,0.51231027,0.5,4.913844,4.0,52.532696,55.0
216,61.879677,79.0,32.935158,0.0,42.11489,44.0,1.0793669,1.0,4.5205617,5.0,162.7913,166.0
217,46.950554,45.0,100.72425,108.0,30.543337,27.0,0.5331938,0.7,1.8019882,3.0,72.49444,73.0
218,26.115763,31.000000000000004,57.604275,59.0,26.707144,24.0,0.43770453,0.5,2.7532685,2.0,141.3475,141.0
219,48.555634,43.0,64.445946,68.0,39.962082,41.0,0.80159414,0.8,4.707516,5.0,133.23427,135.0
220,29.169239,25.0,54.70741,53.0,38.092937,45.0,0.7389909,0.6,8.348899,6.0,52.033253,53.0
221,84.6813,86.0,104.173805,94.0,60.30309,68.0,1.2457774,0.9,4.6020026,4.0,43.72354,44.0
222,39.82331,28.0,63.736744,69.0,42.85204,48.99999999999999,0.788671,0.7,5.04561,4.0,81.11087,85.0
223,85.72897,75.0,115.054054,124.0,63.904945,66.0,1.3877463,1.5,10.783185,10.0,21.819075,28.0
224,42.684296,50.0,79.92745,95.0,31.396769,25.0,0.55057335,0.5,0.9558167,2.0,46.079357,42.00000000000001
225,16.624056,16.0,48.786015,46.0,20.836695,24.0,0.4429761,0.3,4.752788,3.0,137.61925,141.0
226,97.34836,115.0,137.08629,138.0,91.87817,93.0,2.6378465,2.2,73.87788,74.99999999999999,23.295464,16.0
227,37.184658,34.0,68.83929,76.0,38.292583,38.0,0.82490516,0.9,12.055188,11.0,49.77657,50.0
228,122.575066,133.0,145.10594,137.0,66.90808,71.0,1.833674,1.7,14.230674,12.0,38.139736,41.0
229,2.9172924,3.0,25.501669,15.0,15.17521,16.0,0.36409554,0.3,2.388622,3.0,74.21731,71.0
230,12.067818,13.0,31.204327,27.0,20.77036,20.0,0.47374842,0.5,5.775994,5.0,55.008625,59.0
231,44.034824,35.0,75.785675,75.0,51.322876,58.0,0.75959444,0.6,4.2161,3.0,38.837265,36.0
232,75.96153,62.99999999999999,93.49041,101.0,71.121635,77.0,1.591967,1.7,19.96289,18.0,7.5819225,16.0
233,6.5704165,6.0,25.44635,21.0,19.833206,20.0,0.39389703,0.3,1.6349368,2.0,92.23814,88.99999999999999
234,4.8880534,12.0,45.677998,36.0,15.04101,17.0,0.35911724,0.3,4.7230544,2.0,125.95794,129.0
235,117.41074,121.00000000000001,140.34904,131.0,78.116936,83.0,2.1729329,2.1,34.939465,34.0,48.784412,49.0
236,8.208377,15.0,32.851818,29.0,15.7683735,19.0,0.45593676,0.3,5.460639,3.0,167.90468,175.00000000000003
237,15.89768,20.0,24.63669,37.0,22.122976,16.0,0.39542982,0.3,1.3315812,2.0,93.01123,98.0
238,37.635395,33.0,64.92337,60.99999999999999,35.90665,41.0,0.7288637,0.6,12.322229,13.0,180.17096,179.0
239,30.59946,29.0,56.011974,59.0,17.739538,16.0,0.6314976,0.7,2.78951,2.0,120.12492,121.0
240,117.91648,122.99999999999999,160.65053,158.0,80.70381,79.0,1.9365318,1.8,38.660267,41.0,108.601814,107.0
241,39.447453,41.0,49.07851,42.99999999999999,25.013441,25.0,0.69983375,0.7,1.1087782,2.0,144.5561,144.0
242,26.807293,20.0,42.078114,39.0,38.853947,45.0,0.8853091,0.9,13.159394,11.0,47.35592,52.0
243,2.0137224,7.0,30.02336,31.0,23.747526,18.0,0.23135746,0.4,3.2252195,3.0,61.01533,62.0
244,16.37267,20.0,38.628014,38.0,15.6222,17.0,0.49849352,0.4,4.6095095,3.0,159.64296,162.0
245,58.20717,60.0,86.59334,80.0,48.10864,54.0,0.85922825,0.6,7.0411096,7.0,98.76585,99.0
246,27.044477,36.0,68.51633,67.0,26.39681,26.000000000000004,0.4550126,0.4,2.6950884,2.0,95.70137,97.0
247,33.82028,31.000000000000004,54.8255,50.00000000000001,39.717117,48.99999999999999,0.902943,0.7,11.920545,10.0,40.490505,43.0
248,48.875282,48.0,48.227036,57.0,45.32461,44.0,0.9271724,0.8,1.612735,2.0,34.723602,34.0
249,142.88736,163.0,178.84497,160.0,63.800716,62.0,1.5533988,1.4,8.2127,10.0,103.06951,104.0
250,11.143349,13.0,45.007935,40.0,28.64395,30.0,0.33711037,0.4,4.098362,2.0,86.58259,88.99999999999999
251,86.381584,78.0,104.520706,99.0,40.752808,45.0,1.1557817,1.1,0.8173703,2.0,114.630936,111.0
252,43.511078,39.0,48.010033,56.0,38.37505,37.0,0.7430519,0.7,3.54942,4.0,65.845055,62.0
253,44.328014,39.0,66.666565,71.0,48.711506,53.0,0.9183036,0.8,7.908381,7.0,32.819534,36.0
254,16.805178,21.0,38.426147,36.0,21.6195,20.0,0.4287022,0.5,3.1888103,2.0,132.12904,134.0
255,97.7131,92.0,127.48402,126.99999999999999,72.78395,79.0,1.4595872,1.2,10.344825,10.0,29.43468,31.0
256,20.131763,16.0,39.883003,33.0,33.633305,30.0,0.33638182,0.4,1.3886255,4.0,53.343452,51.0
257,72.34364,75.0,104.81257,100.00000000000001,45.945705,48.0,0.96044946,0.8,4.989942,6.0,104.38738,101.0
258,125.75737,129.0,193.12436,190.0,64.79928,69.0,1.383617,1.0,17.906208,20.0,157.29301,153.0
259,7.825639,7.0,32.307323,23.0,12.055328,9.0,0.21775937,0.2,-0.41945255,2.0,59.978165,67.0
260,59.968906,58.0,102.84847,103.0,54.358135,58.99999999999999,0.8685092,0.8,10.584214,9.0,85.814255,88.0
261,81.31036,68.0,129.35085,133.0,58.644096,66.0,0.9932121,0.9,3.7394247,3.0,60.53341,62.0
262,58.6153,54.0,92.78103,90.0,35.334587,38.99999999999999,0.7494823,0.8,6.4655557,6.0,199.49748,200.0
263,59.95836,43.0,66.82243,66.0,51.15769,58.99999999999999,1.1144142,1.1,7.934064,7.0,46.692554,44.0
264,7.4046173,10.0,17.272076,16.0,15.260706,13.000000000000002,0.5384368,0.5,1.7914971,2.0,64.18017,59.0
265,62.655533,58.0,77.997986,81.0,35.401386,32.0,0.78108346,0.9,2.302077,4.0,159.30183,160.0
266,38.633686,26.0,127.26847,175.0,21.965292,12.0,0.15930271,0.3,0.16813706,2.0,97.10129,93.0
267,40.317722,32.0,51.035812,48.99999999999999,28.981678,33.0,0.67784667,0.6,3.0939004,3.0,184.94736,187.0
268,7.4312363,9.0,15.151362,28.0,26.508553,21.000000000000004,0.39697048,0.4,3.171559,2.0,103.6929,104.0
269,87.51668,84.0,122.3155,119.0,56.067772,60.0,1.0593675,0.9,6.415154,7.0,121.14944,121.0
270,67.69601,82.0,99.246574,87.0,38.252346,38.0,0.7698351,0.6,2.757462,4.0,92.71916,92.0
271,30.64195,30.0,42.029263,36.0,38.20607,42.00000000000001,0.71477365,0.6,3.4895241,3.0,79.47871,81.0
272,10.220252,14.0,30.148708,26.0,23.656017,19.0,0.34318307,0.4,1.2596548,3.0,71.47067,67.0
273,56.958908,41.0,88.240906,85.99999999999999,42.545322,47.0,0.80689967,0.9,4.7914724,5.0,38.674973,32.0
274,31.381765,32.0,92.747215,101.0,26.929813,28.0,0.3618038,0.3,4.726897,4.0,106.03378,107.99999999999999
275,9.139465,20.0,35.30674,32.0,18.748325,14.0,0.2715412,0.3,2.0240679,2.0,74.620155,76.0
276,80.404686,90.0,140.75505,141.0,39.33149,34.0,0.7261592,0.7,10.965123,14.0,175.73878,172.0
277,88.39481,90.0,116.14957,117.00000000000001,40.907024,38.0,1.088725,1.1,13.428095,16.0,233.9487,228.0
278,58.794205,39.0,76.80103,88.00000000000001,50.628704,60.0,1.0484782,0.9,5.2946196,4.0,21.138012,16.0
279,74.39726,79.0,108.71482,104.0,52.525307,58.0,1.0274407,0.8,6.625437,6.0,76.00563,76.0
280,11.336217,16.0,33.902107,24.0,24.621769,22.0,0.418143,0.5,6.764812,6.0,77.1358,79.0
281,24.19308,26.0,45.611656,48.99999999999999,17.057104,17.0,0.5537882,0.5,4.4997873,3.0,167.01158,169.0
282,14.408073,19.0,6.68968,0.0,30.779552,29.0,0.5453235,0.5,1.8144534,2.0,40.177135,41.0
283,39.954655,37.0,70.64765,76.0,41.677,38.0,0.6386181,0.9,4.6420856,4.0,61.18981,64.0
284,10.149946,9.0,-0.5167356,18.0,28.734009,20.0,0.45160517,0.4,1.0122159,3.0,62.004982,56.0
285,23.900433,33.0,64.72311,63.0,16.240509,15.0,0.5344236,0.6,7.5489645,4.0,195.70125,200.0
286,186.58173,198.0,224.90234,212.0,74.60977,74.0,2.0165832,1.6,1.8123841,5.0,50.66999,56.0
287,69.60042,77.0,107.90887,109.99999999999999,34.104317,32.0,0.9880818,1.1,9.715549,10.0,74.70366,80.0
288,227.6062,296.0,239.64857,204.0,101.49836,88.0,3.8484607,3.2,74.77299,78.99999999999999,65.29552,60.0
289,1.2335681,9.0,24.445889,18.0,17.681078,17.0,0.31565246,0.2,2.8131435,2.0,108.6425,113.0
290,85.09892,83.0,113.458305,107.0,60.470936,66.0,1.103173,0.9,4.6845994,5.0,56.838463,56.0
291,17.843723,22.0,37.17294,36.0,26.631617,24.0,0.44243535,0.5,2.7985363,3.0,80.49889,82.0
292,40.54821,28.0,57.96455,69.0,26.35355,24.0,0.5045967,0.5,-0.66447514,2.0,62.80456,60.0
293,93.16912,82.0,149.73042,159.0,37.56556,37.0,0.8564893,0.9,10.688577,12.0,272.96912,267.0
294,15.088263,17.0,28.370985,28.0,12.705369,12.0,0.5387435,0.5,4.351855,3.0,163.45879,168.00000000000003
295,28.662695,28.0,41.479496,39.0,21.246052,23.0,0.58100665,0.5,1.4188007,2.0,153.3144,155.0
296,11.672565,32.0,27.50837,0.0,19.104877,15.0,0.35770056,0.3,2.414803,3.0,96.06343,97.0
297,6.4410253,9.0,26.787224,23.0,16.03092,16.0,0.41471788,0.3,4.0271597,3.0,128.86948,133.0
298,13.835178,24.0,44.851997,41.0,35.39968,31.0,0.48539683,0.6,12.189038,12.0,72.11007,73.0
299,21.84676,27.0,36.18567,38.0,15.671343,13.000000000000002,0.6416732,0.6,3.40473,3.0,133.5483,137.0
300,174.00885,183.0,218.59163,200.99999999999997,71.55927,72.0,1.71927,1.4,3.575012,6.0,131.91017,132.0
301,61.644585,55.0,85.41853,92.99999999999999,72.58003,69.0,1.5066222,1.7,27.354595,28.0,18.145874,16.0
302,16.899761,18.0,82.562935,92.99999999999999,17.770706,11.0,0.13957605,0.2,1.5231398,3.0,92.231674,88.0
303,23.145454,22.0,72.33932,80.0,30.261778,29.0,0.37011877,0.4,6.3122354,6.0,99.72065,100.0
304,102.05265,102.0,168.13309,171.00000000000003,51.057373,51.0,0.9643856,1.0,5.8895717,7.0,124.75121,125.0
305,94.86403,89.0,106.94204,108.0,54.361755,52.00000000000001,1.4439356,1.6,2.7686892,4.0,16.159014,19.0
306,-0.17687717,6.0,32.459103,23.0,21.527096,20.0,0.29252446,0.2,2.9133816,2.0,68.22223,72.0
307,6.4213347,10.0,17.511066,18.0,17.996643,19.0,0.4511002,0.3,1.5846561,2.0,68.55853,71.0
308,258.19818,245.00000000000003,249.19614,246.0,98.209526,92.0,3.7899227,4.3,21.465227,20.0,-2.9591403,7.0
309,63.98166,56.0,75.44288,79.0,31.053247,30.0,0.9075384,1.0,3.524288,5.0,187.14462,186.0
310,53.795486,54.0,83.470314,79.0,29.81727,29.0,0.6121439,0.5,-0.7110349,2.0,84.16351,80.0
311,54.554684,46.0,71.37631,74.0,52.379303,56.0,0.9713218,1.0,9.078935,8.0,123.56301,128.0
312,57.932777,53.0,82.84687,80.0,53.826363,58.0,0.89609575,0.8,3.9243429,3.0,38.87198,38.0
313,12.314606,14.0,28.974068,27.0,18.155317,19.0,0.52275383,0.4,3.975384,3.0,124.378426,130.0
314,-0.93262863,7.0,27.220758,18.0,20.149181,17.0,0.36007997,0.3,2.3463075,2.0,60.660774,65.0
315,57.369648,45.0,99.01848,111.0,57.977364,62.0,1.4022753,1.5,29.02183,28.0,51.923664,52.0
316,33.83985,23.0,46.16542,44.00000000000001,32.007584,38.0,0.62773657,0.5,2.6699314,2.0,169.82732,172.0
317,20.615719,10.0,40.370514,38.0,30.710842,38.99999999999999,0.67512417,0.5,3.808913,3.0,82.36663,80.0
318,37.135033,51.0,37.521244,32.0,28.945677,24.0,0.6777122,0.7,0.6028628,2.0,68.57668,69.0
319,-2.2693663,5.0,34.52112,32.0,12.645484,8.0,0.20004183,0.3,5.9700227,5.0,68.68943,73.0
320,16.60676,21.0,45.27514,48.0,20.926277,17.0,0.42584643,0.6,3.2793188,2.0,141.1067,141.0
321,65.598305,62.00000000000001,63.8924,75.0,47.525093,50.0,1.1215454,1.0,3.7659807,3.0,30.744347,24.000000000000004
322,36.83434,38.0,69.30493,66.0,28.333916,24.0,0.47051826,0.5,1.5603482,4.0,55.304707,53.0
323,29.490334,24.0,56.114357,60.99999999999999,46.012802,51.0,1.0765007,1.0,22.623304,22.0,40.986137,41.0
324,57.84213,60.0,71.17424,65.0,28.13338,28.0,0.7138599,0.8,3.5612726,3.0,245.88686,251.00000000000003
325,73.03878,79.0,114.65465,121.0,45.1501,42.00000000000001,0.8372519,0.7,0.46945277,2.0,61.763737,60.0
326,31.100851,23.0,47.116272,51.0,43.596573,44.0,0.83839107,0.9,4.640031,4.0,20.213936,17.0
327,31.78756,23.0,50.054783,57.0,22.2857,21.000000000000004,0.6066712,0.7,1.9397675,3.0,151.3189,149.0
328,31.894201,24.0,58.487434,56.0,32.928032,38.99999999999999,0.64571214,0.5,6.182614,6.0,144.79417,143.0
329,9.340429,9.0,24.87399,25.000000000000004,14.7548275,16.0,0.44317624,0.4,3.0372462,2.0,141.90485,146.0
330,29.456596,30.0,38.03446,58.0,31.6016,24.0,0.6717154,0.8,2.6400833,2.0,74.18365,71.0
331,9.14822,14.0,29.020077,25.000000000000004,17.036419,12.0,0.32416788,0.3,0.44113255,3.0,72.49436,72.0
332,18.368656,20.0,31.955276,35.0,16.615799,14.0,0.6030338,0.6,2.6930275,3.0,93.8365,93.0
333,73.82159,70.0,95.525185,96.0,66.540565,72.0,1.3691858,1.4,13.012815,10.0,6.781488,13.0
334,61.961422,51.0,85.380714,88.00000000000001,53.275272,61.0,0.97771907,0.7,4.2054114,4.0,55.807682,57.0
335,65.72765,56.0,116.61612,120.0,55.95012,60.0,1.0210873,1.0,24.112017,25.0,187.05016,184.0
336,82.12665,80.0,101.43231,97.0,46.713985,48.99999999999999,0.9669429,0.9,3.6104631,4.0,168.89313,170.0
337,11.168548,12.0,31.792645,31.0,31.3993,32.0,0.6645297,0.5,15.64966,17.0,57.368156,57.0
338,31.468819,24.0,50.98875,41.0,32.157097,35.0,0.551,0.5,1.7904526,3.0,49.171986,46.0
339,46.343506,32.0,61.324017,54.99999999999999,38.529102,45.0,0.73504543,0.6,1.1442593,2.0,13.753388,0.0
340,24.978025,27.0,59.51422,60.99999999999999,22.391863,20.0,0.40093496,0.4,2.6945617,3.0,120.386665,119.0
341,9.828342,8.0,24.192465,23.0,25.82484,28.0,0.47024295,0.4,3.6871603,3.0,52.061104,57.0
342,43.315754,44.0,46.392895,47.0,27.585331,25.0,0.76998377,0.8,1.89968,3.0,148.00691,147.0
343,59.922115,61.0,70.60805,68.0,22.030865,19.0,0.79441166,0.8,0.52056974,3.0,179.09454,177.0
344,30.983522,20.0,51.016907,51.0,39.99284,45.0,0.64426994,0.6,3.8859766,3.0,103.69976,105.0
345,10.803086,11.0,35.562347,29.0,30.825985,35.0,0.4728383,0.4,4.4152746,3.0,79.58216,81.0
346,64.16539,59.0,107.50751,113.0,37.551186,38.99999999999999,0.6742853,0.8,4.603293,3.0,206.65768,208.99999999999997
347,15.201057,10.0,31.67836,37.0,31.134459,30.0,0.45913294,0.4,2.183628,3.0,68.04283,66.0
348,48.2058,38.0,66.67188,68.0,32.29762,38.0,0.69309187,0.6,3.7198627,3.0,222.54753,224.0
349,7.262837,7.0,38.835796,46.0,20.305775,15.0,0.34491667,0.3,2.8683507,3.0,14.206163,0.0
350,1.3610243,3.0,27.406275,23.0,16.432957,16.0,0.31899232,0.2,2.1245549,2.0,85.217064,84.00000000000001
351,61.058506,50.0,127.55008,148.0,48.657455,48.99999999999999,1.0872685,1.2,22.929949,23.0,64.32608,63.0
352,4.3366294,14.0,40.545998,36.0,19.40314,19.0,0.29805988,0.3,4.9984236,3.0,146.22127,149.0
353,50.854355,57.0,89.77071,85.99999999999999,44.653793,50.0,0.7624142,0.6,9.541971,8.0,123.256294,128.0
354,88.97677,88.0,129.10585,126.99999999999999,49.644215,57.0,1.1471479,0.9,5.0675497,5.0,21.267473,12.000000000000002
355,53.262646,60.0,77.984924,71.0,56.483788,57.0,1.3173362,1.2,28.972528,30.0,54.283,51.0
356,21.909294,25.0,44.3058,41.0,24.959913,23.0,0.62491,0.8,3.303762,2.0,80.43228,82.0
357,7.174618,10.0,19.989323,16.0,13.348454,12.0,0.54040277,0.5,3.483619,3.0,90.02851,91.0
358,58.459644,66.0,68.43512,66.0,24.309902,21.000000000000004,0.80894005,0.9,2.5763826,2.0,201.33159,204.0
359,12.544799,15.0,19.010714,25.000000000000004,18.2856,16.0,0.5320908,0.4,2.643327,3.0,113.901955,116.0
360,55.927822,44.0,91.204735,97.99999999999999,54.908203,60.0,0.922127,0.9,5.0830784,3.0,47.533794,49.0
361,35.127155,34.0,54.114174,54.0,41.9102,44.0,0.8812381,0.9,11.216989,9.0,50.318237,52.0
362,202.16914,214.0,242.35577,251.0,102.35999,100.0,3.406139,3.1,54.249516,54.0,7.756649,6.000000000000001
363,62.193905,56.0,84.1185,85.0,29.135906,32.0,0.76424253,0.7,1.8352071,2.0,213.81747,214.0
364,21.540588,13.0,18.068932,28.0,25.608816,26.000000000000004,0.6203147,0.5,2.7119155,3.0,141.25409,143.0
365,14.879306,19.0,48.202953,51.0,18.196388,20.0,0.5200517,0.5,5.491715,3.0,126.521805,136.0
366,29.107105,29.0,59.96271,66.0,17.171175,14.0,0.49978665,0.7,2.5733652,2.0,166.90778,169.0
367,5.2880387,7.0,40.82897,42.99999999999999,26.01376,23.0,0.24012479,0.3,3.9420521,3.0,79.014084,79.0
368,20.123898,16.0,13.835016,33.0,33.37179,26.000000000000004,0.49819294,0.5,1.3312632,3.0,81.373825,76.0
369,44.7847,31.000000000000004,53.569843,58.0,33.113976,38.0,0.797907,0.7,1.7865238,2.0,149.76619,150.0
370,7.0868664,8.0,22.27518,15.0,20.220173,19.0,0.36402836,0.2,1.1921469,3.0,41.055977,48.00000000000001
371,88.37157,106.0,101.53889,85.0,40.71803,38.0,0.98906124,0.9,1.078548,3.0,124.05719,126.0
372,144.76167,164.0,177.51804,175.0,81.54827,79.0,2.5363882,2.2,43.545013,45.0,31.52928,30.0
373,62.581818,55.0,69.75257,75.0,32.418785,32.0,0.9229517,1.0,1.328652,2.0,167.68658,167.0
374,47.530376,48.0,26.008553,22.000000000000004,42.72615,40.0,1.0730412,1.1,0.6802834,2.0,23.047138,19.0
375,22.462612,23.0,23.999563,29.0,28.988434,24.0,0.5991285,0.6,0.1858162,2.0,62.86225,59.0
376,64.87946,86.0,82.79896,66.0,42.787224,42.00000000000001,0.95414567,0.9,5.3704453,5.0,84.11449,87.0
377,33.99249,25.0,62.25941,62.0,36.388042,44.0,0.5625237,0.4,4.74096,3.0,173.5207,175.00000000000003
378,17.990963,18.0,64.943954,66.0,23.097475,24.0,0.43726733,0.5,7.506524,4.0,179.22389,184.0
379,2.4447818,9.0,34.91481,29.0,22.814037,23.0,0.34078196,0.3,3.8330338,2.0,103.74254,109.0
380,21.963701,17.0,40.21871,34.0,32.750366,37.0,0.48666576,0.4,3.951654,3.0,82.286736,87.0
381,58.234478,49.0,81.127174,83.0,38.1041,40.0,0.63288736,0.7,4.020383,3.0,240.82794,243.0
382,36.11779,28.0,57.090195,62.0,32.832874,38.0,0.8803159,0.8,6.8483057,7.0,26.255754,24.000000000000004
383,74.18074,76.0,116.608406,120.0,46.233524,48.0,0.9805285,0.8,6.6689596,8.0,77.20806,76.0
384,17.986883,14.0,17.331327,21.0,21.804968,14.0,0.2967888,0.3,-0.81938237,2.0,72.49249,73.0
385,41.74629,40.0,42.390335,38.0,27.566986,29.0,0.8636346,0.8,1.5249077,3.0,110.39951,107.99999999999999
386,125.18822,109.0,154.73071,147.0,79.47624,90.99999999999999,1.63385,1.4,10.3598175,9.0,118.130455,123.0
387,109.42784,134.0,132.91954,113.0,42.758915,38.99999999999999,1.1444067,1.0,-0.35369164,2.0,100.88203,99.0
388,71.02976,62.99999999999999,101.82578,105.00000000000001,59.43519,74.0,1.4295807,1.2,15.414779,11.0,15.310506,19.0
389,105.667534,106.0,123.99769,121.99999999999999,71.390396,79.0,1.829988,1.7,18.199791,15.0,16.463243,17.0
390,29.822817,37.0,40.871403,32.0,25.517345,25.0,0.66586936,0.6,1.4375931,2.0,99.233444,96.00000000000001
391,13.378625,7.0,20.76526,16.0,14.506922,8.0,0.32276273,0.3,-1.8934458,3.0,8.302293,0.0
392,18.979872,23.0,43.58176,44.00000000000001,16.836704,18.0,0.5187068,0.5,4.304826,2.0,177.12802,184.99999999999997
393,66.544945,70.0,75.95295,72.0,47.59469,47.0,1.0336593,1.0,2.5377614,3.0,62.32325,65.0
394,43.317715,45.0,74.794426,73.0,31.060461,30.0,0.6295662,0.6,2.031336,3.0,75.23467,74.0
395,26.605988,20.0,48.878033,51.0,28.020233,32.0,0.53361464,0.4,3.3447063,3.0,159.26164,160.0
396,68.63097,55.0,89.955475,92.0,40.99611,48.99999999999999,0.97112226,0.9,6.847196,6.0,222.38614,222.0
397,3.4226627,12.0,38.510406,29.0,18.213741,14.0,0.17055914,0.2,2.5623121,3.0,112.62864,111.0
398,58.604553,49.0,82.67569,100.00000000000001,50.62648,53.0,1.2443739,1.2,14.487893,13.0,24.505259,24.000000000000004
399,45.852028,33.0,44.66354,57.0,44.006615,46.0,0.9095416,0.9,5.3165936,5.0,38.104218,30.0
400,211.6906,221.0,246.66156,240.0,100.50623,103.0,3.2631829,3.0,40.19858,39.0,13.369656,15.0
401,90.683334,76.0,112.23557,116.0,71.135925,77.99999999999999,1.4536107,1.4,9.553843,8.0,38.788486,44.0
402,32.313923,34.0,57.85543,62.0,19.553759,20.0,0.57954645,0.5,3.5972166,2.0,173.77182,177.0
403,2.4672134,6.0,34.16593,38.0,21.577612,18.0,0.31467277,0.3,2.456757,3.0,49.010204,46.0
404,51.946144,43.0,76.75446,83.0,25.787085,25.0,0.6759459,0.8,5.843948,6.0,253.10406,253.0
405,115.23196,122.0,159.1377,156.0,36.544098,33.0,1.0452633,0.9,5.342716,9.0,226.41087,218.0
406,57.937298,66.0,41.209133,33.0,32.02514,32.0,1.0237248,0.9,0.7981067,2.0,124.3472,124.0
407,44.235676,46.0,57.9416,44.00000000000001,44.683624,48.0,1.0656434,1.1,16.481644,16.0,71.61963,73.0
408,219.21623,236.0,256.49573,239.00000000000003,105.46781,109.0,3.490992,3.2,55.948673,55.0,60.150505,62.0
409,19.384066,17.0,22.773798,42.0,36.35521,32.0,0.57830477,0.5,2.7613287,3.0,60.818916,53.99999999999999
410,20.19412,18.0,17.050695,20.0,26.325365,23.0,0.59596264,0.7,1.2426099,2.0,86.15584,88.0
411,49.831997,62.00000000000001,58.69652,57.0,37.878304,32.0,0.8068502,0.8,1.3645306,3.0,51.233044,52.0
412,3.2379436,5.0,29.188335,20.0,22.127663,21.000000000000004,0.24096733,0.3,2.4956024,2.0,60.78268,62.0
413,15.272388,13.0,39.780064,34.0,22.613245,27.0,0.5448295,0.5,6.2138658,5.0,64.76444,72.0
414,60.85365,65.0,112.23692,114.0,32.205193,29.0,0.6474273,0.7,1.0317826,2.0,98.9988,95.0
415,3.9640572,11.0,41.50132,31.0,20.356857,18.0,0.2250152,0.2,2.5150843,2.0,94.698494,99.0
416,158.25558,188.0,158.51135,128.0,43.654324,40.0,1.61649,1.3,-0.42116338,4.0,205.51028,199.00000000000003
417,72.09284,74.0,108.207214,107.0,46.468506,46.0,0.99082017,1.0,14.362073,16.0,157.39113,157.0
418,15.329768,16.0,44.03268,37.0,21.408058,22.0,0.33592847,0.3,2.31153,2.0,114.75928,116.0
419,50.246918,45.0,73.43219,70.0,44.994385,50.0,0.7884761,0.7,3.8300927,3.0,113.84462,116.0
420,115.73229,130.0,138.43648,125.0,44.74526,38.99999999999999,1.1257933,1.1,1.0988566,4.0,192.38672,187.0
421,28.338736,24.0,56.01752,56.0,37.159725,41.0,0.5601896,0.5,5.2943773,4.0,127.571075,129.0
422,9.990762,13.0,42.481506,36.0,28.206049,27.0,0.30565232,0.3,1.7782499,2.0,70.3357,69.0
423,48.225765,50.0,95.15855,103.0,24.133686,20.0,0.4791524,0.5,0.542875,2.0,139.47482,138.0
424,18.796955,21.0,79.26749,79.0,32.921566,31.0,0.3717632,0.5,12.969435,13.0,87.55404,86.0
425,32.296185,31.000000000000004,46.051437,48.0,31.92367,33.0,0.77643585,0.8,7.914841,7.0,73.39662,79.0
426,73.3591,62.00000000000001,125.14737,133.0,39.880188,38.99999999999999,0.6277416,0.7,9.1902485,10.0,251.58255,250.0
427,114.317764,124.00000000000001,115.18593,103.0,50.784122,50.0,1.4196992,1.4,2.0838215,4.0,79.01645,77.0
428,111.25216,125.0,155.37541,149.0,31.58614,28.0,0.99608207,0.8,1.4891154,5.0,197.80554,191.0
429,84.5412,81.0,135.77596,142.0,41.816498,42.00000000000001,0.80529666,0.9,4.4518814,3.0,210.374,210.0
430,-3.2925055,4.0,27.122429,16.0,14.7961645,7.0,0.071808055,0.2,-0.5710669,2.0,58.62205,58.0
431,9.2388315,13.0,31.09425,24.0,24.26039,23.0,0.47513482,0.5,8.430388,8.0,69.423325,71.0
432,78.897194,56.0,95.75366,92.99999999999999,55.685356,69.0,1.2210267,1.1,5.870858,5.0,28.780289,23.0
433,30.351791,23.0,53.98325,47.0,31.492107,36.0,0.5494218,0.5,1.8931103,2.0,57.16232,53.0
434,41.33611,33.0,64.03537,64.0,46.221077,53.0,0.83187616,0.7,5.32796,4.0,31.048456,33.0
435,22.270779,28.0,43.960873,40.0,22.23431,19.0,0.4925063,0.5,1.2781351,3.0,56.252125,56.0
436,34.57331,29.0,74.8548,88.00000000000001,23.081106,16.0,0.30819178,0.4,-1.427656,2.0,80.67347,78.0
437,94.32783,95.0,112.83195,117.00000000000001,88.19179,84.00000000000001,2.6212747,2.7,65.31966,66.0,23.32938,18.0
438,309.25528,353.0,376.29013,384.0,133.29253,123.0,5.2217903,4.6,107.13175,109.00000000000001,29.124802,20.0
439,19.909369,12.0,39.159077,37.0,23.800018,28.0,0.49094036,0.4,2.5796008,2.0,140.56471,143.0
440,158.9085,155.0,197.45364,194.0,92.40248,99.0,2.14754,1.7,16.074543,17.0,20.395655,24.000000000000004
441,-3.4536297,0.0,16.903576,0.0,21.712055,23.0,0.26842648,0.2,2.412331,2.0,91.244026,87.0
442,45.28032,34.0,85.35119,92.99999999999999,29.822325,35.0,0.60981107,0.7,8.415047,5.0,268.29382,272.0
443,23.330439,16.0,42.785202,42.0,30.770485,36.0,0.6016103,0.4,4.0063066,4.0,110.14205,107.99999999999999
444,1.0803165,6.0,26.026615,18.0,18.797024,15.0,0.22047544,0.2,0.98636204,2.0,43.319786,50.0
445,86.97148,100.0,109.236595,95.0,54.268238,53.0,1.4232839,1.4,17.372862,18.0,68.75928,66.0
446,112.43407,112.0,174.51851,179.0,47.367554,46.0,0.9839077,0.9,6.8133507,9.0,190.59433,187.0
447,54.287983,47.0,72.93053,80.0,52.674553,52.00000000000001,1.114508,1.3,9.465008,9.0,10.68126,13.0
448,68.82169,70.0,111.85236,118.0,37.35526,35.0,0.7631936,0.8,2.065393,2.0,113.11167,112.0
449,14.609794,13.0,33.117123,33.0,18.794243,16.0,0.42968914,0.6,4.931279,4.0,56.924957,65.0
450,99.91003,118.0,144.81474,141.0,81.41615,75.0,2.4268951,2.3,68.380394,70.99999999999999,40.490894,32.0
451,10.670658,8.0,22.207445,15.0,12.774142,6.0,0.19041565,0.2,-2.1921272,2.0,74.48488,74.0
452,64.446655,68.0,103.32862,102.0,42.89383,44.0,0.88856316,0.9,8.066501,8.0,118.30403,121.0
453,35.25457,31.000000000000004,51.53834,50.00000000000001,46.648888,53.0,0.76992166,0.6,4.843593,3.0,60.29179,64.0
454,34.12358,34.0,77.37532,76.0,32.186375,36.0,0.5145862,0.4,4.335184,4.0,113.4331,118.0
455,12.174792,11.0,25.525887,24.0,14.866745,15.0,0.49233702,0.5,3.2128112,3.0,139.81671,144.0
456,127.53407,144.0,116.8634,100.00000000000001,58.85769,54.0,2.0706608,2.2,16.209717,18.0,41.321297,41.0
457,31.123434,24.0,53.066994,52.0,31.973944,32.0,0.6143987,0.9,4.5243063,2.0,148.37265,154.0
458,32.729088,19.0,33.529053,42.0,25.686161,25.0,0.7485565,0.9,1.389379,2.0,119.178894,120.0
459,-5.4511,4.0,28.060862,22.000000000000004,16.028713,12.0,0.25377515,0.2,3.1056054,3.0,61.16395,66.0
460,27.222672,23.0,84.278206,88.00000000000001,29.133186,28.0,0.3019244,0.3,2.948585,3.0,90.30827,96.00000000000001
461,34.303547,26.0,53.23199,62.0,44.277275,47.0,0.71372736,0.6,4.727579,4.0,41.424538,42.00000000000001
462,141.19,140.0,188.59454,181.00000000000003,79.8356,86.0,1.6978899,1.3,11.36229,12.0,80.05372,83.0
463,51.048664,45.0,72.065926,74.0,35.61979,36.0,0.62325287,0.7,3.5443451,3.0,213.59729,215.0
464,10.448636,18.0,56.140495,57.0,15.8991785,12.0,0.32254502,0.3,3.179574,3.0,82.143684,83.0
465,21.019812,14.0,31.774115,34.0,26.078411,30.0,0.7187984,0.6,2.7856379,3.0,78.89231,77.0
466,52.979954,38.0,139.88652,171.00000000000003,29.79004,30.0,0.45545653,0.4,1.2320203,2.0,79.398544,77.0
467,9.062171,13.0,30.576042,26.0,21.633234,22.0,0.49293694,0.4,9.80272,10.0,67.33625,73.0
468,29.904646,19.0,28.926455,27.0,31.539236,37.0,0.72475433,0.5,1.0316449,2.0,32.203384,34.0
469,65.803825,58.0,85.729164,87.0,67.60987,73.0,1.3148583,1.4,13.255776,10.0,13.9188,19.0
470,53.73875,48.0,87.13333,87.0,36.96804,38.0,0.6687658,0.7,9.451844,10.0,199.73024,201.0
471,3.26699,8.0,23.634434,19.0,23.465944,16.0,0.15699795,0.2,-0.33209985,2.0,54.148205,52.0
472,9.155481,14.0,51.77255,42.99999999999999,21.08372,19.0,0.21525833,0.2,1.7090933,2.0,104.349335,109.0
473,35.977955,42.0,69.091934,71.0,26.98084,25.0,0.58286774,0.6,3.6232224,3.0,136.25876,136.0
474,43.19509,36.0,103.480835,126.99999999999999,36.35366,34.0,0.42789045,0.4,3.5112333,4.0,90.035484,85.0
475,0.5531723,3.0,0.81114805,21.0,23.056887,14.0,0.31035447,0.2,1.1394151,3.0,69.34993,63.0
476,94.353004,98.0,88.957275,79.0,51.776554,48.0,1.3600477,1.5,0.55267626,2.0,55.632076,59.0
477,10.66623,13.0,42.84832,38.0,35.6771,40.0,0.48494616,0.4,5.5109425,3.0,37.753357,37.0
478,23.292086,25.0,49.074165,45.0,39.29323,40.0,0.80078197,0.8,16.628618,16.0,50.45628,49.0
479,48.279274,44.0,49.581505,52.0,27.307627,28.0,0.88050425,0.9,1.2915627,2.0,127.7237,129.0
480,20.80306,21.0,42.931446,44.00000000000001,23.136368,21.000000000000004,0.41405728,0.5,2.8088963,2.0,150.91295,153.0
481,40.79164,27.0,60.807106,58.0,42.952133,54.0,0.8730366,0.7,8.35805,7.0,114.91584,116.0
482,7.526322,6.0,22.376013,22.000000000000004,18.07416,18.0,0.51633763,0.5,3.0022306,2.0,6.014498,0.0
483,97.96489,83.0,115.43527,124.0,65.26196,65.0,1.4556985,1.7,6.8999715,7.0,14.302373,16.0
484,36.181305,28.0,58.232346,52.0,42.85069,54.0,0.9264066,0.9,11.213565,7.0,49.250786,56.0
485,55.89777,55.0,110.39067,117.00000000000001,29.254675,31.0,0.6386663,0.6,6.00853,4.0,199.90579,199.00000000000003
486,6.7207904,0.0,14.8146515,0.0,16.541899,16.0,0.37042138,0.5,1.3662473,3.0,68.24367,70.0
487,106.72037,25.0,36.451714,62.0,47.464294,32.0,2.3736703,5.0,6.715634,3.0,116.935104,135.0
488,37.02174,32.0,58.3603,54.0,43.607765,50.0,0.91610456,0.9,11.047436,8.0,35.605408,36.0
489,71.66322,94.0,88.15696,69.0,33.507637,30.0,0.83043337,0.7,-0.19009551,2.0,105.6288,104.0
490,79.14211,76.0,132.41989,136.0,54.210438,60.0,1.0915079,0.9,7.771035,7.0,63.26566,64.0
491,203.17578,187.0,233.5478,239.00000000000003,107.30422,111.00000000000001,2.8391922,2.8,21.744074,21.0,14.68507,26.999999999999996
492,100.068855,120.0,84.55967,68.0,33.242165,28.0,1.3502169,1.4,0.8363396,3.0,171.25285,170.0
493,15.6431055,16.0,45.222763,39.0,29.00083,29.0,0.36832032,0.4,3.4708796,3.0,63.43851,64.0
494,121.36048,116.0,137.13283,126.0,85.15766,96.0,1.8332427,1.5,10.17412,8.0,24.751026,31.0
495,42.090252,25.0,58.632854,54.0,41.78911,55.0,0.817909,0.6,3.924802,2.0,121.41173,124.0
496,9.489426,12.0,40.782585,35.0,16.438316,16.0,0.2743702,0.3,2.7728696,2.0,118.39377,124.0
497,68.32957,69.0,104.674904,105.00000000000001,47.742283,50.0,0.9118601,0.7,2.5279982,3.0,52.379326,50.0
498,49.293983,60.0,78.35102,83.0,23.92397,17.0,0.6099024,0.7,2.9680393,3.0,164.29425,162.0
499,67.350746,74.0,59.22563,59.0,31.104723,25.0,1.0938433,1.2,0.6906589,3.0,109.568695,106.0
500,31.576979,34.0,25.742992,20.0,34.401936,34.0,0.96457565,1.0,9.878114,10.0,53.148785,53.99999999999999
501,45.99142,40.0,80.197395,87.0,51.396107,54.0,0.80111194,0.8,7.460109,6.0,47.31012,50.0
502,32.84101,28.0,57.58121,54.99999999999999,48.72492,52.00000000000001,0.74287117,0.7,5.7870173,4.0,19.951778,16.0
503,44.6249,44.0,52.863922,48.99999999999999,23.2872,24.0,0.81745756,0.9,3.7298083,4.0,164.62375,167.0
504,85.104454,75.0,125.26008,133.0,31.633007,33.0,0.9012425,0.9,1.660954,3.0,194.37256,192.00000000000003
505,33.31908,38.0,49.985626,48.0,33.363552,28.0,0.47515592,0.5,1.7694552,4.0,80.374084,82.0
506,61.4555,54.0,65.77077,68.0,29.181047,28.0,0.9490309,1.1,1.8340782,3.0,183.76718,182.0
507,65.92747,50.0,77.65975,77.0,38.570427,46.0,0.933432,0.9,2.952178,2.0,198.82883,201.0
508,48.310917,38.0,118.26732,126.99999999999999,37.281975,43.0,0.5239253,0.4,6.4934506,6.0,90.27408,93.0
509,7.590758,8.0,19.00556,14.0,19.739567,18.0,0.46726516,0.5,4.4841685,4.0,44.20647,45.0
510,31.642826,35.0,61.52876,60.99999999999999,32.777294,33.0,0.6449677,0.6,7.1158743,6.0,59.56139,59.0
511,17.532175,16.0,51.50777,42.99999999999999,26.868067,25.0,0.32260686,0.4,2.032431,3.0,76.164085,82.0
512,25.10112,15.0,47.833435,45.0,26.963154,33.0,0.5552316,0.5,3.2922025,2.0,139.50797,143.0
513,11.134986,8.0,16.675076,16.0,17.408371,11.0,0.28404868,0.2,-0.44420096,3.0,81.12571,79.0
514,24.079714,22.0,47.94554,45.0,45.598377,47.0,0.6278956,0.7,8.567407,7.0,58.473698,60.0
515,23.318121,19.0,47.395027,44.00000000000001,42.963783,47.0,0.61501503,0.6,5.4456806,3.0,45.880123,46.0
516,19.438484,19.0,29.97498,30.0,21.000793,23.0,0.6574904,0.5,2.091017,2.0,74.707275,75.0
517,9.684931,32.0,27.595615,0.0,12.815932,9.0,0.30249873,0.2,0.6592505,2.0,76.07448,81.0
518,51.734264,37.0,58.32687,60.0,40.328293,48.0,0.86952174,0.8,4.278641,3.0,181.8671,186.0
519,63.699093,78.0,63.15114,41.0,45.29831,48.99999999999999,1.1434903,1.0,7.12597,6.0,75.33864,77.0
520,36.242153,21.0,46.93902,42.99999999999999,29.267212,38.0,0.71651983,0.6,3.6819243,3.0,171.49559,174.0
521,57.90565,45.0,94.68748,97.0,39.839542,47.0,0.7497134,0.7,9.322858,8.0,243.81882,243.0
522,18.883083,12.0,35.95984,32.0,29.10267,34.0,0.5436504,0.3,1.9357971,2.0,92.46691,92.0
523,58.431465,42.0,112.62586,114.99999999999999,49.4976,60.0,0.8031616,0.7,12.10978,10.0,182.79709,181.0
524,54.78249,42.0,140.52399,176.00000000000003,26.48909,24.0,0.37010047,0.3,0.08960311,2.0,64.17946,56.0
525,18.305735,21.0,35.999207,37.0,18.113216,17.0,0.6253402,0.6,4.004308,3.0,122.10262,123.0
526,48.646843,38.0,77.181496,75.0,52.867924,58.99999999999999,0.8562238,0.8,4.960843,4.0,30.94357,29.0
527,56.087833,39.0,174.59323,212.0,37.01459,36.0,0.3657399,0.5,6.9242268,6.0,91.10657,88.99999999999999
528,29.048124,29.0,69.6305,71.0,37.005646,35.0,0.67123234,0.9,12.232713,12.0,82.74114,83.0
529,73.207726,76.0,85.78753,80.0,43.30715,46.0,1.0773544,1.0,5.6445546,6.0,141.91754,143.0
530,7.67425,8.0,23.344717,19.0,12.693244,12.0,0.4749219,0.4,2.9180381,3.0,92.26221,95.0
531,115.8299,105.0,157.02972,161.0,80.915565,89.0,1.6433108,1.3,13.386287,13.0,37.589684,41.0
532,16.765165,18.0,50.734837,47.0,20.81673,22.0,0.31744918,0.3,4.367928,4.0,80.93995,88.99999999999999
533,25.556929,27.0,45.202156,35.0,39.387157,42.00000000000001,0.79645526,0.7,15.734883,16.0,70.672714,70.0
534,10.266449,10.0,23.250566,30.0,18.871197,15.0,0.3139864,0.3,0.08056189,2.0,77.782166,77.0
535,30.77481,23.0,44.37886,42.99999999999999,23.16493,25.0,0.566313,0.6,2.267118,2.0,185.83984,189.0
536,29.13071,22.0,76.28535,79.0,21.384783,16.0,0.21711513,0.3,-0.8250128,2.0,75.18025,72.0
537,15.930991,11.0,15.424556,21.0,24.380198,17.0,0.3740479,0.4,0.027204916,2.0,72.819016,71.0
538,98.86262,105.0,154.38622,155.0,56.736256,56.0,1.1638842,1.0,18.366833,21.0,140.48979,138.0
539,8.809892,8.0,32.957413,39.0,16.938238,13.000000000000002,0.31966487,0.3,2.6769807,3.0,62.37879,64.0
540,63.498974,52.0,69.677284,77.0,27.971935,25.0,0.8587122,1.0,1.4585527,3.0,214.78766,213.00000000000003
541,54.733913,42.0,95.545815,104.0,43.482086,48.99999999999999,0.93496346,1.0,10.123144,8.0,59.372986,62.0
542,33.39882,31.000000000000004,64.01472,69.0,20.09949,20.0,0.5445137,0.7,8.086141,5.0,274.1831,278.0
543,110.92896,122.99999999999999,136.32867,121.0,65.262505,69.0,1.6792787,1.5,21.16993,21.0,84.1782,86.0
544,39.62306,42.0,49.42422,41.0,28.546432,30.0,0.80987346,0.8,2.3341935,3.0,95.31441,93.0
545,11.624786,13.0,47.206863,45.0,19.554264,18.0,0.28561008,0.3,1.633004,2.0,98.35936,106.0
546,86.86918,71.0,125.51078,136.0,70.21274,75.0,1.4009689,1.3,11.374568,11.0,9.064144,9.0
547,134.58269,122.0,146.4144,152.0,83.01841,90.0,2.5507014,2.7,29.800793,26.0,2.409123,10.0
548,29.085058,37.0,35.852837,25.000000000000004,30.495386,29.0,0.7446605,0.8,9.330053,9.0,62.6973,68.0
549,27.728868,21.0,55.78484,51.0,29.457804,33.0,0.39174446,0.4,4.466777,3.0,203.76134,208.0
550,36.250263,44.0,62.263115,54.99999999999999,29.525373,25.0,0.54857886,0.6,0.8499044,3.0,40.410137,38.0
551,65.16771,55.0,151.69221,174.0,36.97433,38.99999999999999,0.55381894,0.5,4.4933167,4.0,136.56334,136.0
552,111.225685,135.0,148.61993,146.0,67.48504,57.0,2.1442401,2.0,46.590736,52.0,24.136621,12.000000000000002
553,86.86099,86.0,116.71286,112.0,50.504345,51.0,1.0463939,1.0,7.4051104,9.0,147.30406,146.0
554,41.087658,46.0,62.915806,65.0,40.30442,38.0,0.82131326,0.9,9.848484,10.0,60.655823,64.0
555,33.02013,26.0,29.905544,35.0,30.746437,34.0,0.7380111,0.6,2.2009027,2.0,133.1454,136.0
556,14.851347,17.0,30.997168,28.0,26.2499,26.000000000000004,0.52106786,0.4,1.5500847,2.0,51.716667,53.99999999999999
557,38.135998,35.0,39.70499,44.00000000000001,26.476051,26.000000000000004,0.72231674,0.7,2.3056853,3.0,177.3746,177.99999999999997
558,18.824411,15.0,42.918617,37.0,23.192726,26.000000000000004,0.45738378,0.4,2.185855,3.0,58.639015,56.0
559,208.9169,217.0,225.21988,212.0,92.674866,101.0,2.923518,2.7,16.816414,14.0,8.900204,14.0
560,35.907925,28.0,67.30699,67.0,33.15889,40.0,0.67359626,0.5,5.5213094,5.0,138.79996,137.0
561,56.548977,52.0,67.87474,69.0,28.757826,29.0,0.77512205,0.8,2.809825,3.0,216.89258,217.0
562,15.152775,12.0,31.206976,25.000000000000004,26.734495,24.0,0.30391046,0.3,-0.67851907,2.0,51.873222,52.0
563,77.32113,78.0,103.128174,102.0,66.638954,71.0,1.7009137,1.5,32.582703,33.0,48.845474,47.0
564,30.633724,33.0,89.63817,97.0,25.803999,23.0,0.29612738,0.3,2.0715067,2.0,110.03167,107.99999999999999
565,24.973488,17.0,57.257202,48.99999999999999,24.980505,23.0,0.35530868,0.5,1.2143694,3.0,70.83868,73.0
566,29.021841,24.0,37.751778,34.0,24.286137,27.0,0.63411295,0.6,2.1554043,2.0,161.53903,162.0
567,26.640837,30.0,50.745777,54.0,29.032236,25.0,0.6568018,0.8,7.8440127,7.0,51.52779,52.0
568,5.7707014,12.0,29.639801,30.0,24.197763,19.0,0.30471957,0.4,3.9573417,4.0,82.32154,84.00000000000001
569,8.202239,9.0,27.505615,23.0,25.33937,26.000000000000004,0.41970894,0.4,5.879545,4.0,57.795544,62.0
570,36.45091,42.0,53.14035,63.0,19.7629,16.0,0.66607046,0.6,3.6349697,3.0,158.44142,157.0
571,15.229836,9.0,31.587574,21.0,20.317617,18.0,0.2783032,0.3,-0.67776644,2.0,62.98333,59.0
572,20.6651,28.0,61.131756,62.0,19.967484,17.0,0.37391564,0.4,2.7898037,2.0,113.67101,120.0
573,79.727234,95.0,91.225266,70.0,37.685684,37.0,1.0203301,0.9,0.5212594,3.0,64.14877,59.0
574,47.83998,40.0,66.79694,62.0,36.150547,44.0,0.89329696,0.9,6.839016,5.0,148.01736,152.0
575,16.781372,11.0,18.034626,24.0,26.504662,23.0,0.43394545,0.4,1.0269673,2.0,55.47063,52.0
576,45.39356,43.0,50.949703,50.00000000000001,23.908995,21.000000000000004,0.83440125,1.0,1.5474092,3.0,140.62419,139.0
577,32.19229,19.0,72.7692,73.0,28.954933,26.000000000000004,0.33181694,0.4,0.50807214,3.0,61.512474,56.0
578,91.32758,82.0,124.27874,124.0,62.564957,64.0,1.3660885,1.4,14.775496,16.0,109.689095,109.0
579,25.00718,20.0,13.677893,15.0,32.320057,31.0,0.72559154,0.8,1.5910243,2.0,83.39605,85.0
580,81.0392,88.0,94.628,112.0,40.02657,32.0,0.96793497,1.0,1.0417558,3.0,62.7685,56.0
581,-3.1778274,8.0,37.010242,25.000000000000004,18.144156,18.0,0.29130745,0.2,5.1761503,3.0,97.56908,98.0
582,58.848537,60.0,72.45261,70.0,28.725567,26.000000000000004,0.96624887,1.2,6.1857705,7.0,155.82288,157.0
583,61.809628,61.0,114.37894,117.00000000000001,32.100216,27.0,0.5198693,0.7,6.8419037,8.0,217.34566,217.0
584,55.29547,62.99999999999999,79.611404,77.0,43.331554,41.0,1.164793,1.2,20.557888,22.0,60.058178,61.00000000000001
585,7.859675,14.0,30.263865,28.0,10.298482,10.0,0.4683818,0.5,4.33394,3.0,143.79568,149.0
586,52.231297,43.0,100.546104,100.00000000000001,41.868134,48.99999999999999,0.67899466,0.6,8.836007,8.0,138.35925,141.0
587,35.862823,36.0,81.87713,79.0,27.082993,24.0,0.36588958,0.5,3.0678236,4.0,139.98662,143.0
588,18.617733,11.0,33.930794,25.000000000000004,19.996244,22.0,0.4212903,0.3,-0.11399627,2.0,54.524315,59.0
589,6.2336445,10.0,27.483849,24.0,14.764428,15.0,0.45238444,0.4,3.4991453,3.0,118.0251,121.0
590,19.366915,19.0,46.10939,44.00000000000001,26.989206,28.0,0.42085972,0.4,3.3903556,3.0,128.54399,129.0
591,104.86292,51.0,79.060555,90.0,58.562035,55.0,2.0065875,3.4,9.339765,7.0,88.769516,96.00000000000001
592,11.471733,8.0,32.005466,22.000000000000004,19.365582,22.0,0.44776568,0.4,2.8203833,3.0,87.314186,87.0
593,31.361437,35.0,63.45832,62.0,37.56758,37.0,0.8090255,0.8,17.504332,18.0,57.668022,58.0
594,17.738075,22.0,41.696434,41.0,27.198473,28.0,0.6124842,0.5,9.90747,10.0,74.900024,77.0
595,55.921696,58.0,100.82374,104.0,33.393654,31.0,0.55791736,0.6,3.2435155,4.0,151.53871,153.0
596,95.95654,106.0,130.72275,123.0,39.76006,40.0,1.119065,0.9,6.514261,9.0,159.80345,154.0
597,3.941822,7.0,41.03895,52.0,16.80453,10.0,0.23530027,0.3,4.5457983,4.0,54.413876,53.99999999999999
598,80.57505,78.0,122.28328,118.0,49.07747,56.0,1.01796,0.8,5.330517,6.0,45.32638,39.0
599,35.47284,29.0,58.17561,54.0,24.269676,27.0,0.58427215,0.6,2.681356,2.0,151.53575,156.0
600,-3.1089914,8.0,25.893412,15.0,9.296555,8.0,0.30916718,0.2,3.1206453,3.0,100.46862,100.0
601,66.51795,52.0,68.79633,68.0,51.940193,62.0,1.11944,0.9,4.5296035,4.0,34.394115,29.0
602,10.139033,14.0,29.989338,28.0,14.063232,13.000000000000002,0.4937649,0.5,2.7776644,3.0,106.22012,111.0
603,159.12167,192.0,172.62703,137.0,59.884453,58.0,1.6439203,1.3,-0.033738595,4.0,89.6716,88.0
604,34.660107,31.000000000000004,61.493584,60.99999999999999,38.6467,38.0,0.49826136,0.5,0.5671617,2.0,49.463158,45.0
605,31.220154,24.0,48.62638,42.0,28.716303,28.0,0.47902152,0.4,0.36603364,3.0,16.04544,0.0
606,75.50671,81.0,107.5669,107.0,56.95575,57.0,1.4975523,1.5,26.024193,26.0,55.074467,55.0
607,91.99854,85.0,142.77945,150.0,43.008095,44.0,0.8663248,0.8,9.682001,11.0,258.44714,252.0
608,4.891634,11.0,37.542507,29.0,17.357742,15.0,0.2383861,0.2,2.3050568,3.0,88.177826,92.0
609,83.78225,72.0,80.60042,79.0,59.61904,66.0,1.502707,1.5,11.92329,12.0,30.265066,26.0
610,9.108368,0.0,14.1990595,0.0,36.421753,43.0,0.72009814,0.9,10.302259,8.0,107.917595,114.99999999999999
611,122.93679,122.99999999999999,204.87943,210.00000000000003,55.34414,56.0,1.1700604,1.0,6.4034014,8.0,100.18151,97.0
612,65.883026,66.0,86.86488,88.00000000000001,29.043783,29.0,0.8765296,0.8,1.2396505,3.0,167.00703,163.0
613,34.161114,24.0,54.83877,60.0,32.41439,34.0,0.7730967,0.9,10.89356,11.0,176.9488,177.99999999999997
614,20.313305,20.0,34.04163,35.0,13.671294,13.000000000000002,0.6039994,0.7,3.6549113,3.0,142.59242,147.0
615,107.340744,109.0,134.51355,138.0,87.97058,88.0,2.6254592,2.6,60.374447,61.0,17.855705,11.0
616,32.49264,37.0,51.344,54.99999999999999,18.731855,17.0,0.63173676,0.6,3.6094582,3.0,144.70734,146.0
617,39.4915,43.0,63.966396,64.0,21.618223,20.0,0.7381804,0.7,2.1376624,2.0,82.24042,80.0
618,61.127296,54.0,120.72285,121.0,43.74141,48.99999999999999,0.6222353,0.6,8.217512,7.0,158.4661,161.00000000000003
619,28.528477,26.0,40.281055,36.0,38.44647,42.00000000000001,0.88699055,0.9,13.372465,12.0,45.014683,49.0
620,34.766525,32.0,49.988174,54.99999999999999,19.22352,16.0,0.63989365,0.8,3.8327365,3.0,182.47675,184.99999999999997
621,42.78197,31.000000000000004,64.36528,64.0,37.055378,46.0,0.81790996,0.6,3.514867,3.0,107.52118,106.0
622,2.1888022,9.0,21.696371,19.0,12.994317,11.0,0.43634543,0.4,4.3676186,3.0,113.80969,114.0
623,-3.080574,4.0,25.025383,20.0,11.592966,7.0,0.25019944,0.2,2.7571108,3.0,94.94048,97.0
624,13.062906,9.0,34.141064,21.0,16.10394,12.0,0.23180729,0.3,-1.3084817,2.0,68.672745,72.0
625,17.507439,18.0,32.172695,26.0,30.549181,30.0,0.6013086,0.6,10.027863,10.0,63.320568,66.0
626,42.28206,47.0,52.83958,45.0,25.88669,25.0,0.8567797,0.8,0.77359164,3.0,53.04642,46.0
627,47.12782,29.0,66.29746,69.0,32.316433,38.99999999999999,0.71106374,0.7,4.429109,3.0,224.36345,227.0
628,35.900875,22.0,88.16461,77.0,41.901882,55.0,0.5337086,0.4,7.7855916,5.0,130.25294,131.0
629,128.86826,138.0,166.7213,161.0,48.94076,38.99999999999999,1.2651001,1.4,7.5818777,12.0,192.8134,184.99999999999997
630,32.99793,33.0,68.82662,70.0,32.72249,32.0,0.50622284,0.6,2.2603216,2.0,95.28727,95.0
631,15.43356,15.0,35.821865,33.0,23.93371,26.000000000000004,0.52806103,0.5,6.18284,5.0,73.33972,79.0
632,16.800903,13.0,43.216732,35.0,35.825706,38.99999999999999,0.44282445,0.5,6.019516,4.0,79.613686,83.0
633,63.944565,65.0,10.852136,0.0,52.261982,43.0,1.6596997,2.3,8.979319,9.0,-3.6194878,3.0000000000000004
634,28.731922,21.0,58.951588,54.99999999999999,43.533905,48.0,0.5816939,0.5,3.0524716,2.0,37.472298,36.0
635,24.753933,19.0,32.751495,30.0,31.209595,36.0,0.70978916,0.6,7.468348,7.0,71.94295,78.0
636,96.94782,98.0,123.67812,121.0,76.50802,80.0,2.0690277,2.0,39.455772,39.0,28.898596,26.0
637,24.877499,22.0,47.929173,45.0,28.614107,33.0,0.57216656,0.4,2.9212644,3.0,53.203983,52.0
638,150.63362,165.0,197.73022,185.0,45.302547,41.0,1.391174,1.2,4.733565,9.0,206.29317,195.0
639,30.685863,37.0,49.02464,52.0,16.30217,14.0,0.6414459,0.7,3.71309,3.0,164.36311,166.0
640,152.77922,155.0,245.83191,248.99999999999997,53.281048,48.0,1.1426055,1.2,1.9749918,5.0,150.14494,146.0
641,1.2605743,6.0,30.453611,23.0,16.823523,14.0,0.16890338,0.2,0.7005796,2.0,54.32689,56.0
642,66.410324,53.0,86.77246,77.0,52.35778,64.0,1.0766793,0.9,6.815589,6.0,28.329153,20.0
643,4.4455733,7.0,25.417276,19.0,18.422256,11.0,0.12383932,0.2,-1.3105205,2.0,56.175476,61.00000000000001
644,82.5413,84.0,97.78531,94.0,62.583782,67.0,1.2436999,1.0,3.756948,3.0,19.931192,21.000000000000004
645,44.011932,36.0,79.53482,88.00000000000001,39.70199,44.0,0.71486104,0.7,4.6040397,3.0,86.21733,90.0
646,109.89659,98.0,132.89586,132.0,58.400047,69.0,1.4265972,1.2,2.932349,3.0,26.123182,21.000000000000004
647,141.98868,153.0,205.27051,213.0,66.37139,58.99999999999999,2.0611825,2.1,32.093784,34.0,56.924,55.0
648,68.4137,60.0,62.837616,69.0,37.954403,38.0,1.1076304,1.2,2.541212,3.0,159.09189,159.0
649,27.5507,16.0,53.80257,53.0,36.304577,41.0,0.53107727,0.5,3.8548887,3.0,121.10805,122.00000000000001
650,13.617374,15.0,31.302511,26.0,28.964195,31.0,0.5925962,0.5,8.765092,8.0,66.20717,68.0
651,27.277388,26.0,41.63742,32.0,38.10033,41.0,0.60226274,0.5,1.6036978,2.0,31.085173,32.0
652,27.681814,33.0,48.79956,45.0,24.617197,23.0,0.49839374,0.4,1.5578936,2.0,119.72768,129.0
653,14.780327,24.0,41.78256,32.0,32.603085,30.0,0.60442567,0.6,16.423557,17.0,70.65191,71.0
654,59.792255,55.0,71.599365,76.0,50.535625,53.0,1.1010897,1.0,5.940119,6.0,47.34386,51.0
655,53.529175,55.0,74.966255,80.0,58.325993,60.0,1.454604,1.3,29.598768,30.0,38.96368,37.0
656,36.875717,44.0,71.447,70.0,28.728485,28.0,0.5812818,0.6,1.9928946,2.0,88.15198,91.0
657,35.379177,19.0,36.517757,34.0,39.626587,48.0,0.80044556,0.6,2.8825085,3.0,26.09799,26.0
658,275.27917,274.0,302.45886,298.0,97.786064,83.0,3.2582915,3.6,11.631925,17.0,5.5942054,11.0
659,1.6747187,9.0,28.878191,23.0,18.986187,15.0,0.24639302,0.2,2.2552717,3.0,97.20723,99.0
660,33.23909,25.0,43.691147,44.00000000000001,35.752716,38.0,0.6624254,0.7,3.2857356,3.0,137.50131,140.0
661,27.078262,24.0,74.19287,72.0,24.919863,24.0,0.31807217,0.4,3.8373315,4.0,113.96946,114.99999999999999
662,19.352163,11.0,27.429432,42.0,25.59774,20.0,0.34605554,0.3,0.50690734,2.0,70.403885,65.0
663,88.50994,64.0,144.01146,157.0,57.628494,63.0,0.9986347,1.1,5.2961855,4.0,141.27109,143.0
664,7.5653224,7.0,45.268875,46.0,17.564756,14.0,0.23348767,0.3,4.1254416,4.0,70.62381,71.0
665,3.841882,4.0,5.3200107,14.0,18.952492,8.0,0.17467281,0.2,-0.26880983,3.0,59.443737,63.0
666,33.86459,26.0,58.25385,48.0,34.938446,38.99999999999999,0.5640701,0.5,2.636383,3.0,46.677868,40.0
667,36.264404,24.0,48.791504,50.00000000000001,31.944149,37.0,0.725662,0.6,4.232219,5.0,136.5741,137.0
668,53.295322,50.0,76.972916,71.0,39.199013,44.0,0.843097,0.7,4.174179,5.0,49.98071,45.0
669,61.77111,62.99999999999999,124.45453,129.0,41.162373,44.0,0.7175505,0.6,8.10542,8.0,110.98469,111.0
670,147.97202,165.0,201.8032,189.0,74.72292,72.0,1.8009534,1.8,17.313698,18.0,52.66644,52.0
671,126.036125,132.0,145.27957,137.0,69.90546,69.0,1.6519144,1.6,5.471796,6.0,29.936794,34.0
672,27.978222,35.0,54.411366,51.0,32.686905,30.0,0.62745786,0.7,9.143624,8.0,65.51653,67.0
673,12.971958,7.0,21.00426,17.0,12.370829,5.0,0.31607422,0.3,-2.0690997,3.0,8.524679,0.0
674,0.41692272,11.0,37.900246,38.0,13.525516,9.0,0.27616245,0.2,2.4279232,2.0,79.79393,88.99999999999999
675,8.218343,11.0,46.620598,48.99999999999999,24.484829,18.0,0.2026493,0.4,4.390265,4.0,75.04522,75.0
676,93.23598,91.0,107.686714,104.0,35.579746,34.0,1.0997164,1.2,3.3213196,5.0,213.4739,210.0
677,20.352806,17.0,40.114487,44.00000000000001,29.666634,28.0,0.4737449,0.5,2.2460883,3.0,113.86092,113.0
678,71.704994,65.0,103.42253,107.0,53.151524,58.99999999999999,1.203725,1.2,10.898461,8.0,51.361748,53.99999999999999
679,56.429386,55.0,41.921944,32.0,43.050144,47.0,1.095354,1.0,2.9303546,3.0,34.225746,30.0
680,18.340357,22.0,36.1842,32.0,16.532936,13.000000000000002,0.66483593,0.9,4.1590157,3.0,97.67611,98.0
681,21.985556,28.0,60.16487,60.99999999999999,17.317368,15.0,0.47925296,0.5,4.060676,3.0,123.16414,126.99999999999999
682,66.361176,61.0,88.74849,94.0,40.2636,42.00000000000001,0.86747575,0.8,4.6536403,5.0,163.84134,164.0
683,425.80356,364.0,395.2694,389.0,144.71921,153.0,6.1804395,7.5,27.430206,19.0,-16.98015,13.0
684,33.45244,33.0,75.1327,75.0,26.689745,27.0,0.42457822,0.5,4.320062,3.0,183.63019,187.0
685,78.973114,81.0,123.02619,118.0,57.301643,58.99999999999999,1.2202194,1.3,19.769665,20.0,103.06492,105.0
686,24.496284,34.0,49.72532,54.0,21.475513,17.0,0.54168713,0.6,2.7123652,2.0,124.64172,125.0
687,65.78691,58.0,87.244514,95.0,30.157959,31.0,0.83153987,0.8,1.046591,2.0,179.70378,180.0
688,7.6704264,10.0,29.032843,28.0,18.507957,21.000000000000004,0.46615598,0.3,4.6997895,3.0,137.13774,139.0
689,13.739796,16.0,27.223885,26.0,14.035582,11.0,0.43364772,0.4,1.8359723,3.0,114.64657,113.0
690,7.898231,0.0,4.123991,0.0,31.162796,33.0,0.56500244,0.6,5.890145,4.0,77.995,75.0
691,54.16056,59.0,83.18538,78.0,46.136135,48.99999999999999,0.8247713,0.7,5.714885,5.0,79.19988,79.0
692,34.65895,44.0,47.404358,42.0,20.106188,20.0,0.6695405,0.6,3.7036505,3.0,165.65276,169.0
693,17.397217,18.0,39.791805,37.0,17.915623,20.0,0.4512551,0.4,4.626543,2.0,209.53322,215.99999999999997
694,70.93206,87.0,31.804472,0.0,53.79949,54.0,1.4845154,1.4,4.54303,6.0,25.63454,26.999999999999996
695,57.945927,53.0,85.353386,88.00000000000001,29.488142,32.0,0.80500853,0.8,4.6253304,5.0,186.81348,187.0
696,49.30174,38.0,135.98724,163.0,25.218021,20.0,0.30022797,0.4,1.1471994,3.0,95.60251,91.0
697,79.635254,87.0,118.51216,123.0,46.343933,48.0,1.004871,0.8,6.738485,7.0,94.68064,98.0
698,7.0979667,14.0,18.89221,23.0,19.05784,14.0,0.4885415,0.5,2.837417,3.0,85.76529,87.0
699,100.90661,116.0,117.9495,109.0,49.28879,46.0,1.5602932,1.7,14.123052,14.0,74.20045,80.0
700,54.093723,57.0,78.91042,73.0,38.817303,38.99999999999999,0.71762407,0.7,1.1358078,2.0,54.838768,53.99999999999999
701,72.91539,77.0,76.945656,72.0,36.318287,31.0,1.0000623,1.3,3.0899043,4.0,178.65596,180.0
702,60.58977,42.0,81.376076,84.0,44.173813,52.00000000000001,0.9916917,1.0,11.762683,11.0,219.9721,219.0
703,37.956554,29.0,83.747116,92.99999999999999,25.865385,25.0,0.4483039,0.4,0.48290312,3.0,54.029305,53.0
704,202.17624,180.0,211.29276,203.0,93.95983,95.0,2.6489367,3.1,6.35143,5.0,21.648817,36.0
705,20.019566,29.0,42.849503,44.00000000000001,17.046442,14.0,0.41347095,0.4,2.9396727,3.0,159.30399,162.0
706,3.116675,9.0,34.662365,25.000000000000004,27.660948,29.0,0.43696132,0.4,5.0653048,3.0,66.74443,70.0
707,1.8745561,8.0,38.181667,29.0,22.92865,23.0,0.21583113,0.3,4.4801345,2.0,73.939156,78.0
708,94.24298,133.0,47.83112,0.0,34.938553,33.0,1.3642333,1.1,-0.9071666,2.0,152.51598,151.0
709,63.155487,55.0,89.106155,82.0,39.10422,46.0,0.9976618,1.0,6.83165,6.0,146.46626,146.0
710,56.589626,58.0,77.233864,75.0,48.11952,53.0,1.2249403,1.2,14.168317,12.0,39.674225,41.0
711,40.400425,34.0,42.132862,40.0,41.369118,45.0,0.8560327,0.8,2.3529525,2.0,76.21909,78.0
712,33.724785,23.0,49.502537,52.0,27.385908,30.0,0.62050486,0.6,1.8926889,2.0,150.93799,152.0
713,54.687756,54.0,102.57169,108.0,45.24407,48.99999999999999,0.79484236,0.6,10.842176,11.0,115.85905,114.99999999999999
714,11.069516,11.0,25.627125,16.0,24.026205,22.0,0.5492228,0.6,9.134724,10.0,51.797516,51.0
715,13.629422,28.0,22.467571,0.0,21.292475,19.0,0.39137468,0.3,1.935681,3.0,92.80647,92.0
716,18.202354,15.0,30.617577,31.0,27.429096,24.0,0.58788335,0.7,1.8626149,2.0,49.368183,45.0
717,36.600628,27.0,56.361988,60.0,26.758442,29.0,0.6116215,0.6,3.0688932,3.0,181.48608,183.0
718,35.855816,30.0,68.878586,77.0,43.646744,42.00000000000001,0.59665036,0.7,5.4637904,5.0,62.557228,63.0
719,23.681255,23.0,31.169064,48.0,40.454613,36.0,0.53908587,0.4,1.7601572,2.0,51.14348,47.0
720,108.54233,108.0,172.7527,174.0,56.10204,55.0,1.1073775,1.2,6.8039575,8.0,95.028015,93.0
721,28.352856,24.0,48.951847,42.99999999999999,27.293419,32.0,0.61449826,0.4,1.8877971,3.0,92.18465,87.0
722,17.036106,22.0,46.04131,48.99999999999999,16.7884,16.0,0.4828399,0.3,3.1424325,3.0,115.589966,114.99999999999999
723,53.014305,35.0,74.82854,71.0,45.924484,55.0,0.89915836,0.8,5.1078753,5.0,24.550158,17.0
724,34.627438,43.0,20.700365,0.0,37.179924,38.99999999999999,0.89385664,0.8,1.7081921,2.0,31.514366,33.0
725,26.49348,19.0,37.633247,40.0,25.431429,30.0,0.5896417,0.5,2.742753,2.0,144.22882,150.0
726,20.635487,21.0,29.03985,46.0,35.269455,32.0,0.6207162,0.5,3.1805348,2.0,61.42107,56.0
727,46.0038,37.0,75.02573,71.0,37.567047,41.0,0.67637646,0.6,2.226125,3.0,28.095936,20.0
728,119.21766,131.0,163.7989,166.0,96.93635,92.0,2.5008106,2.3,64.34884,68.0,43.963448,38.0
729,77.180046,82.0,99.79838,108.0,80.68449,74.0,2.3932152,2.4,65.75297,68.0,29.548025,24.000000000000004
730,33.6191,41.0,47.417282,33.0,32.09586,35.0,0.6497947,0.5,2.9358544,3.0,83.73315,84.00000000000001
731,88.54914,86.0,125.76839,129.0,56.74261,57.0,1.2448851,1.2,14.059051,16.0,85.56778,85.0
732,34.19759,28.0,77.23763,75.0,35.656723,41.0,0.47843185,0.4,6.24621,5.0,139.71234,142.0
733,11.3682785,16.0,30.13641,21.0,36.74175,34.0,0.68558717,0.6,17.472483,19.0,46.656414,40.0
734,1.1038933,5.0,8.554826,16.0,23.29781,13.000000000000002,0.20498139,0.2,0.027836632,2.0,63.47488,63.0
735,23.625177,18.0,49.41472,47.0,42.814533,48.0,0.5976708,0.5,4.761038,3.0,70.621506,70.0
736,16.45696,14.0,42.10894,38.0,18.427038,19.0,0.4489251,0.4,1.3054842,3.0,50.418564,58.0
